-- ####################################################################
-- This file is painstakingly generated by a loving shell script. 
-- Please do not modify -- it'll feel bad & guilty.  Instead, contact 
-- lenards@iplantcollaborative.org or raygoza@iplantcollaborative.org
-- ####################################################################

CREATE TABLE contract (
	hid int8 NOT NULL,
	id varchar(255),
	name varchar(255) NOT NULL,
	description varchar(255),
	label varchar(255),
	PRIMARY KEY (hid)
);
CREATE TABLE contract_property (
	contract_id int8 NOT NULL,
	property_id int8 NOT NULL,
	id int4 NOT NULL,
	PRIMARY KEY (contract_id,id)
);
CREATE TABLE dataobject_mapping (
	mapping_id int8 NOT NULL,
	input varchar(255) NOT NULL,
	output varchar(255) NOT NULL,
	PRIMARY KEY (mapping_id,output)
);
CREATE TABLE dataobjects (
	hid int8 NOT NULL,
	id varchar(255),
	name varchar(255),
	label varchar(255),
	type varchar(255),
	multiplicity varchar(255),
	orderd int4,
	switch varchar(255),
	PRIMARY KEY (hid)
);
CREATE TABLE deployed_components (
	hid int8 NOT NULL,
	id varchar(255) NOT NULL,
	name varchar(255) NOT NULL,
	location varchar(255),
	type varchar(255) NOT NULL,
	description text,
	version varchar(255),
	attribution text,
	PRIMARY KEY (hid)
);
CREATE TABLE input_output_mapping (
	hid int8 NOT NULL,
	source int8 NOT NULL,
	target int8 NOT NULL,
	PRIMARY KEY (hid)
);
CREATE TABLE job_information_new (
	hid int8 NOT NULL,
	uuid varchar(255),
	name varchar(255),
	type varchar(255),
	timestamp_start varchar(255),
	completion_time varchar(255),
	analysis_id varchar(255),
	workspace_id int8,
	PRIMARY KEY (hid)
);
CREATE TABLE notification (
	hid int8 NOT NULL,
	id varchar(255),
	name varchar(255),
	sender varchar(255),
	type varchar(255),
	PRIMARY KEY (hid)
);
CREATE TABLE notification_set (
	hid int8 NOT NULL,
	id varchar(255),
	name varchar(255),
	template_id varchar(255),
	PRIMARY KEY (hid)
);
CREATE TABLE notification_set_notification (
	notification_set_id int8 NOT NULL,
	notification_id int8 NOT NULL,
	hid int4 NOT NULL,
	PRIMARY KEY (notification_set_id,hid)
);
CREATE TABLE notifications_receivers (
	notification_id int8 NOT NULL,
	receiver varchar(255),
	hid int4 NOT NULL,
	PRIMARY KEY (notification_id,hid)
);
CREATE TABLE parent_template_child_template (
	parent_id int8 NOT NULL,
	child_id int8 NOT NULL,
	hid int4 NOT NULL,
	PRIMARY KEY (parent_id,hid)
);
CREATE TABLE precedence_constraint (
	hid int8 NOT NULL,
	id varchar(255) NOT NULL,
	name varchar(255) NOT NULL,
	description varchar(255),
	type varchar(255) NOT NULL,
	PRIMARY KEY (hid)
);
CREATE TABLE property (
	hid int8 NOT NULL,
	id varchar(255) NOT NULL,
	name varchar(255) NOT NULL,
	description varchar(255),
	label varchar(255),
	defalut_value varchar(255),
	is_visible bool,
	ordering int4,
	property_type int8,
	validator int8,
	PRIMARY KEY (hid)
);
CREATE TABLE property_group (
	hid int8 NOT NULL,
	id varchar(255) NOT NULL,
	name varchar(255) NOT NULL,
	description varchar(255),
	label varchar(255),
	group_type varchar(255),
	is_visible bool,
	PRIMARY KEY (hid)
);
CREATE TABLE property_group_contract (
	property_group_id int8 NOT NULL,
	contract_id int8 NOT NULL,
	id int4 NOT NULL,
	PRIMARY KEY (property_group_id,id)
);
CREATE TABLE property_group_property (
	property_group_id int8 NOT NULL,
	property_id int8 NOT NULL,
	hid int4 NOT NULL,
	PRIMARY KEY (property_group_id,hid)
);
CREATE TABLE property_type (
	hid int8 NOT NULL,
	id varchar(255) NOT NULL,
	name varchar(255) NOT NULL,
	description varchar(255),
	label varchar(255),
	PRIMARY KEY (hid)
);
CREATE TABLE rule (
	hid int8 NOT NULL,
	id varchar(255) NOT NULL,
	name varchar(255) NOT NULL,
	description varchar(255),
	label varchar(255),
	rule_type int8,
	PRIMARY KEY (hid)
);
CREATE TABLE rule_argument (
	rule_id int8 NOT NULL,
	argument_value varchar(255),
	hid int4 NOT NULL,
	PRIMARY KEY (rule_id,hid)
);
CREATE TABLE rule_type (
	hid int8 NOT NULL,
	id varchar(255) NOT NULL,
	name varchar(255) NOT NULL,
	description varchar(255),
	label varchar(255),
	PRIMARY KEY (hid)
);
CREATE TABLE step_precedence (
	hid int8 NOT NULL,
	id varchar(255) NOT NULL,
	name varchar(255),
	description varchar(255),
	PRIMARY KEY (hid)
);
CREATE TABLE step_precedence_constraints (
	step_precedence_id int8 NOT NULL,
	precedence_constraint_id int8 NOT NULL,
	hid int4 NOT NULL,
	PRIMARY KEY (step_precedence_id,hid)
);
CREATE TABLE step_precedence_inbound (
	step_precedence_id int8 NOT NULL,
	transformation_step_id int8 NOT NULL,
	hid int4 NOT NULL,
	PRIMARY KEY (step_precedence_id,hid)
);
CREATE TABLE step_precedence_outbound (
	step_precedence_id int8 NOT NULL,
	transformation_step_id int8 NOT NULL,
	hid int4 NOT NULL,
	PRIMARY KEY (step_precedence_id,hid)
);
CREATE TABLE template (
	hid int8 NOT NULL,
	id varchar(255) NOT NULL,
	name varchar(255) NOT NULL,
	description varchar(255),
	label varchar(255),
	type varchar(255),
	component_id varchar(255),
	PRIMARY KEY (hid)
);
CREATE TABLE template_group (
	hid int8 NOT NULL,
	id varchar(255),
	name varchar(255),
	description varchar(255),
	workspace_id int8,
	PRIMARY KEY (hid)
);
CREATE TABLE template_group_group (
	parent_group_id int8 NOT NULL,
	subgroup_id int8 NOT NULL,
	hid int4 NOT NULL,
	PRIMARY KEY (parent_group_id,hid)
);
CREATE TABLE template_group_template (
	template_group_id int8 NOT NULL,
	template_id int8 NOT NULL,
	hid int4 NOT NULL,
	PRIMARY KEY (template_group_id,hid)
);
CREATE TABLE template_input (
	template_id int8 NOT NULL,
	input_id int8 NOT NULL,
	hid int4 NOT NULL,
	PRIMARY KEY (template_id,hid)
);
CREATE TABLE template_output (
	template_id int8 NOT NULL,
	output_id int8 NOT NULL,
	hid int4 NOT NULL,
	PRIMARY KEY (template_id,hid)
);
CREATE TABLE template_property_group (
	template_id int8 NOT NULL,
	property_group_id int8 NOT NULL,
	hid int4 NOT NULL,
	PRIMARY KEY (template_id,hid)
);
CREATE TABLE transformation (
	id int8 NOT NULL,
	name varchar(255) NOT NULL,
	description varchar(255),
	template_id varchar(255),
	PRIMARY KEY (id)
);
CREATE TABLE transformation_activity (
	hid int8 NOT NULL,
	name varchar(255),
	id varchar(255) NOT NULL,
	description varchar(255),
	workspace_id int8 NOT NULL,
	type varchar(255),
	PRIMARY KEY (hid)
);
CREATE TABLE transformation_activity_mappings (
	transformation_activity_id int8 NOT NULL,
	mapping_id int8 NOT NULL,
	hid int4 NOT NULL,
	PRIMARY KEY (transformation_activity_id,hid)
);
CREATE TABLE transformation_step (
	hid int8 NOT NULL,
	name varchar(255),
	id varchar(255),
	description varchar(255),
	transformation_id int8,
	PRIMARY KEY (hid)
);
CREATE TABLE transformation_task_step_precedence (
	transformation_task_id int8 NOT NULL,
	step_precedence_id int8 NOT NULL,
	hid int4 NOT NULL,
	PRIMARY KEY (transformation_task_id,hid)
);
CREATE TABLE transformation_task_steps (
	transformation_task_id int8 NOT NULL,
	transformation_step_id int8 NOT NULL,
	hid int4 NOT NULL,
	PRIMARY KEY (transformation_task_id,hid)
);
CREATE TABLE transformation_value (
	transformation_id int8 NOT NULL,
	value varchar(255) NOT NULL,
	property varchar(255) NOT NULL,
	PRIMARY KEY (transformation_id,property)
);
CREATE TABLE validator (
	hid int8 NOT NULL,
	id varchar(255) NOT NULL,
	name varchar(255) NOT NULL,
	description varchar(255),
	label varchar(255),
	PRIMARY KEY (hid)
);
CREATE TABLE validator_rule (
	validator_id int8 NOT NULL,
	rule_id int8 NOT NULL,
	id int4 NOT NULL,
	PRIMARY KEY (validator_id,id)
);

INSERT INTO dataobject_mapping(mapping_id, input, output) VALUES (1, 'samin', 'samall');
INSERT INTO dataobject_mapping(mapping_id, input, output) VALUES (2, 'alignment', 'outputbam');
INSERT INTO dataobject_mapping(mapping_id, input, output) VALUES (3, 'pileup_file', 'pileup');
INSERT INTO dataobject_mapping(mapping_id, input, output) VALUES (4, 'pileup', 'pileup');
INSERT INTO dataobject_mapping(mapping_id, input, output) VALUES (5, 'reference', 'in#refgen');
INSERT INTO dataobject_mapping(mapping_id, input, output) VALUES (6, 'reads', 'fastqall');
INSERT INTO dataobject_mapping(mapping_id, input, output) VALUES (7, 'fileIds', 'samall');
INSERT INTO dataobject_mapping(mapping_id, input, output) VALUES (8, 'dummyGenes', 'in#referenceGTF');
INSERT INTO dataobjects(hid, id, name, label, type, multiplicity, orderd, switch) VALUES (1, 'readFile', 'Select read file:', null, 'File', 'single', 1, ' --run1 ');
INSERT INTO dataobjects(hid, id, name, label, type, multiplicity, orderd, switch) VALUES (2, 'mateFile', 'Select mate file:', null, 'File', 'single', 2, ' --run2 ');
INSERT INTO dataobjects(hid, id, name, label, type, multiplicity, orderd, switch) VALUES (3, 'outreadFile', 's_5_1_sequence.f.txt', null, 'File', 'single', 1, ' --out1 ');
INSERT INTO dataobjects(hid, id, name, label, type, multiplicity, orderd, switch) VALUES (4, 'outmateFile', 's_5_2_sequence.f.txt', null, 'File', 'single', 2, ' --run2 ');
INSERT INTO dataobjects(hid, id, name, label, type, multiplicity, orderd, switch) VALUES (5, 'readFile', 'Select read file:', null, 'File', 'single', 3, '');
INSERT INTO dataobjects(hid, id, name, label, type, multiplicity, orderd, switch) VALUES (6, 'mateFile', 'Select mate file:', null, 'File', 'single', 4, '');
INSERT INTO dataobjects(hid, id, name, label, type, multiplicity, orderd, switch) VALUES (7, 'referenceGenome', 'Select reference genome:', null, 'ReferenceGenome', 'single', 2, ' --GTF ');
INSERT INTO dataobjects(hid, id, name, label, type, multiplicity, orderd, switch) VALUES (8, 'samFile', '*bam', null, 'File', 'single', -3, '');
INSERT INTO dataobjects(hid, id, name, label, type, multiplicity, orderd, switch) VALUES (9, 'bedFile', '*bed', null, 'File', 'single', -3, '');
INSERT INTO dataobjects(hid, id, name, label, type, multiplicity, orderd, switch) VALUES (10, 'readFile', 'Select read file:', null, 'File', 'single', 3, '');
INSERT INTO dataobjects(hid, id, name, label, type, multiplicity, orderd, switch) VALUES (11, 'referenceGenome', 'Select reference genome:', null, 'ReferenceGenome', 'single', 2, ' --GTF ');
INSERT INTO dataobjects(hid, id, name, label, type, multiplicity, orderd, switch) VALUES (12, 'samFile', '*bam', null, 'File', 'single', -3, '');
INSERT INTO dataobjects(hid, id, name, label, type, multiplicity, orderd, switch) VALUES (13, 'bedFile', '*bed', null, 'File', 'single', -3, '');
INSERT INTO dataobjects(hid, id, name, label, type, multiplicity, orderd, switch) VALUES (14, 'samin', 'Select input SAM file:', null, 'File', 'single', 2, ' ');
INSERT INTO dataobjects(hid, id, name, label, type, multiplicity, orderd, switch) VALUES (15, 'outputbam', 'aln.bam', null, 'File', 'single', -1, '  ');
INSERT INTO dataobjects(hid, id, name, label, type, multiplicity, orderd, switch) VALUES (16, 'samin', 'Select input SAM file(s):', null, 'File', 'many', 2, ' ');
INSERT INTO dataobjects(hid, id, name, label, type, multiplicity, orderd, switch) VALUES (17, 'outputbam', 'accepted_hits.sam', null, 'File', 'single', -1, '  ');
INSERT INTO dataobjects(hid, id, name, label, type, multiplicity, orderd, switch) VALUES (18, 'pileup_file', 'Select the pileup file', null, 'File', 'single', 29, '');
INSERT INTO dataobjects(hid, id, name, label, type, multiplicity, orderd, switch) VALUES (19, 'pileup', 'final.pileup', null, 'file', 'single', -1, ' ');
INSERT INTO dataobjects(hid, id, name, label, type, multiplicity, orderd, switch) VALUES (20, 'pileup', 'Select pile up file:', null, 'File', 'single', 3, ' ');
INSERT INTO dataobjects(hid, id, name, label, type, multiplicity, orderd, switch) VALUES (21, 'reference', 'Select Reference Genome', null, 'ReferenceSequence', 'single', 1, ' --refseq ');
INSERT INTO dataobjects(hid, id, name, label, type, multiplicity, orderd, switch) VALUES (22, 'result', 'file.vcf', null, 'File', 'single', -1, '  ');
INSERT INTO dataobjects(hid, id, name, label, type, multiplicity, orderd, switch) VALUES (23, 'alignment', 'Select input alignment', null, 'File', 'single', 8, ' ');
INSERT INTO dataobjects(hid, id, name, label, type, multiplicity, orderd, switch) VALUES (24, 'refgen', 'Select the reference genome', null, 'ReferenceSequence', 'single', 7, ' -vcf ');
INSERT INTO dataobjects(hid, id, name, label, type, multiplicity, orderd, switch) VALUES (25, 'pileup', 'temp.pileup', null, 'File', 'single', -1, ' ');
INSERT INTO dataobjects(hid, id, name, label, type, multiplicity, orderd, switch) VALUES (26, 'reads', 'Select reads for alignment:', null, 'File', 'single', 11, ' ');
INSERT INTO dataobjects(hid, id, name, label, type, multiplicity, orderd, switch) VALUES (27, 'reference', 'Select reference genome:', null, 'ReferenceSequence', 'single', 10, ' ');
INSERT INTO dataobjects(hid, id, name, label, type, multiplicity, orderd, switch) VALUES (28, 'samfile', 'aln.sam', null, 'File', 'single', -50, ' ');
INSERT INTO dataobjects(hid, id, name, label, type, multiplicity, orderd, switch) VALUES (29, 'reads', 'Select reads:', null, 'File', 'single', 11, ' ');
INSERT INTO dataobjects(hid, id, name, label, type, multiplicity, orderd, switch) VALUES (30, 'matefile', 'Select mate file:', null, 'File', 'single', 11, ' ');
INSERT INTO dataobjects(hid, id, name, label, type, multiplicity, orderd, switch) VALUES (31, 'reference', 'Select reference genome:', null, 'ReferenceSequence', 'single', 2, ' ');
INSERT INTO dataobjects(hid, id, name, label, type, multiplicity, orderd, switch) VALUES (32, 'samfile', 'aln.sam', null, 'File', 'single', -50, ' ');
INSERT INTO dataobjects(hid, id, name, label, type, multiplicity, orderd, switch) VALUES (33, 'fileIds', 'SAM files:', null, 'File', 'single', 1, ' ');
INSERT INTO dataobjects(hid, id, name, label, type, multiplicity, orderd, switch) VALUES (34, 'referenceGTF', 'Select Reference Annotation', null, 'ReferenceAnnotation', 'single', 0, ' --GTF ');
INSERT INTO dataobjects(hid, id, name, label, type, multiplicity, orderd, switch) VALUES (35, 'dummyGenes', 'Dummy genes', null, 'ReferenceDummyGenes', 'single', 1, ' ');
INSERT INTO dataobjects(hid, id, name, label, type, multiplicity, orderd, switch) VALUES (36, 'genes', 'genes.expr', null, 'File', 'single', -3, '');
INSERT INTO dataobjects(hid, id, name, label, type, multiplicity, orderd, switch) VALUES (37, 'transcripts1', 'transcripts.expr', null, 'File', 'single', -3, '');
INSERT INTO dataobjects(hid, id, name, label, type, multiplicity, orderd, switch) VALUES (38, 'transcripts2', 'transcripts.gtf', null, 'File', 'single', -3, '');
INSERT INTO dataobjects(hid, id, name, label, type, multiplicity, orderd, switch) VALUES (39, 'genesall', 'genes_all.expr', null, 'File', 'single', -3, '');
INSERT INTO dataobjects(hid, id, name, label, type, multiplicity, orderd, switch) VALUES (40, 'transcriptsall', 'transcripts_all.expr', null, 'File', 'single', -3, '');
INSERT INTO dataobjects(hid, id, name, label, type, multiplicity, orderd, switch) VALUES (41, 'tree', 'Selected Trees', null, 'ContrastField', 'single', 2, '');
INSERT INTO dataobjects(hid, id, name, label, type, multiplicity, orderd, switch) VALUES (42, 'reconciletaxa', 'Select Trait Dataset', null, 'ReconcileTaxa', 'single', 1, '');
INSERT INTO dataobjects(hid, id, name, label, type, multiplicity, orderd, switch) VALUES (43, 'commandf', 'outfile', null, 'file', 'single', -1, ' ');
INSERT INTO dataobjects(hid, id, name, label, type, multiplicity, orderd, switch) VALUES (44, 'commandf', 'outfile', null, 'file', 'single', -1, '');
INSERT INTO dataobjects(hid, id, name, label, type, multiplicity, orderd, switch) VALUES (45, 'tree', 'Select input tree', null, 'ACEField', 'single', 3, ' ');
INSERT INTO dataobjects(hid, id, name, label, type, multiplicity, orderd, switch) VALUES (46, 'reconciletaxa', 'Select Trait Dataset', null, 'ReconcileTaxa', 'single', -1, ' ');
INSERT INTO dataobjects(hid, id, name, label, type, multiplicity, orderd, switch) VALUES (47, 'pdfs', '*_plot.pdf', null, 'File', 'many', -1, '');
INSERT INTO dataobjects(hid, id, name, label, type, multiplicity, orderd, switch) VALUES (48, 'trees', '*_tree.txt', null, 'File', 'many', -1, '');
INSERT INTO dataobjects(hid, id, name, label, type, multiplicity, orderd, switch) VALUES (49, 'nodes', '*_nodes.txt', null, 'File', 'many', -1, '');
INSERT INTO dataobjects(hid, id, name, label, type, multiplicity, orderd, switch) VALUES (50, 'outs', '*_out.txt', null, 'File', 'many', -1, '');
INSERT INTO dataobjects(hid, id, name, label, type, multiplicity, orderd, switch) VALUES (51, 'txt', 'dataout.csv', null, 'File', 'single', -1, '');
INSERT INTO dataobjects(hid, id, name, label, type, multiplicity, orderd, switch) VALUES (52, 'tree', 'Select input tree', null, 'ACEField', 'single', 2, '');
INSERT INTO dataobjects(hid, id, name, label, type, multiplicity, orderd, switch) VALUES (53, 'reconciletaxa', '', null, 'ReconcileTaxa', 'single', 2, ' ');
INSERT INTO dataobjects(hid, id, name, label, type, multiplicity, orderd, switch) VALUES (54, 'pdfs', '*_plot.pdf', null, 'File', 'many', -1, '');
INSERT INTO dataobjects(hid, id, name, label, type, multiplicity, orderd, switch) VALUES (55, 'trees', '*_tree.txt', null, 'File', 'many', -1, '');
INSERT INTO dataobjects(hid, id, name, label, type, multiplicity, orderd, switch) VALUES (56, 'nodes', '*_nodes.txt', null, 'File', 'many', -1, '');
INSERT INTO dataobjects(hid, id, name, label, type, multiplicity, orderd, switch) VALUES (57, 'outs', '*_out.txt', null, 'File', 'many', -1, '');
INSERT INTO dataobjects(hid, id, name, label, type, multiplicity, orderd, switch) VALUES (58, 'txt', 'dataout.csv', null, 'File', 'single', -1, '');
INSERT INTO dataobjects(hid, id, name, label, type, multiplicity, orderd, switch) VALUES (59, 'sequencefile', 'Select file:', null, 'File', 'single', 1, ' ');
INSERT INTO dataobjects(hid, id, name, label, type, multiplicity, orderd, switch) VALUES (60, 'barcodeFiles', '*Barcode*', null, 'File', 'many', -1, ' ');
INSERT INTO dataobjects(hid, id, name, label, type, multiplicity, orderd, switch) VALUES (61, '*unmatched', '*unmatched', null, 'File', 'many', -1, ' ');
INSERT INTO dataobjects(hid, id, name, label, type, multiplicity, orderd, switch) VALUES (62, 'sequencefile', 'Select file:', null, 'File', 'single', 2, ' ');
INSERT INTO dataobjects(hid, id, name, label, type, multiplicity, orderd, switch) VALUES (63, 'fastqout', 'outputfastq.fastq', null, 'File', 'single', 4, ' ');
INSERT INTO dataobjects(hid, id, name, label, type, multiplicity, orderd, switch) VALUES (64, 'sequencefile', 'Select file:', null, 'File', 'single', 0, ' -i ');
INSERT INTO dataobjects(hid, id, name, label, type, multiplicity, orderd, switch) VALUES (65, 'fastqout', 'fastqout.fastq', null, 'File', 'single', 0, ' -o ');
INSERT INTO dataobjects(hid, id, name, label, type, multiplicity, orderd, switch) VALUES (66, 'sequencefile', 'Select file:', null, 'File', 'single', 0, ' -i ');
INSERT INTO dataobjects(hid, id, name, label, type, multiplicity, orderd, switch) VALUES (67, 'outputFastq', 'outputfastq.fastq', null, 'File', 'single', 0, ' -o ');
INSERT INTO dataobjects(hid, id, name, label, type, multiplicity, orderd, switch) VALUES (68, 'sequencefile', 'Select file:', null, 'File', 'single', 0, ' -i ');
INSERT INTO dataobjects(hid, id, name, label, type, multiplicity, orderd, switch) VALUES (69, 'fastqout', 'out.fastq', null, 'File', 'single', 0, ' -o ');
INSERT INTO dataobjects(hid, id, name, label, type, multiplicity, orderd, switch) VALUES (70, 'readFile', 'Select read file(s):', null, 'File', 'many', 2, '');
INSERT INTO dataobjects(hid, id, name, label, type, multiplicity, orderd, switch) VALUES (71, 'fastqall', 'fastq_all.fastq', null, 'File', 'single', -1, '');
INSERT INTO dataobjects(hid, id, name, label, type, multiplicity, orderd, switch) VALUES (72, 'samfiles', 'Select SAM File(s):', null, 'File', 'many', 3, '');
INSERT INTO dataobjects(hid, id, name, label, type, multiplicity, orderd, switch) VALUES (73, 'samall', 'samall.sam', null, 'File', 'single', -1, ' ');
INSERT INTO deployed_components(hid, id, name, location, type, description, version, attribution) VALUES (1, 'c12bd559051333352e31302e3231d750adbbbb3b582a', 'Rscript', '/usr/bin', 'executable', 'R Statistical Package', '', 'R project');
INSERT INTO deployed_components(hid, id, name, location, type, description, version, attribution) VALUES (2, 'c000cbd03bb54493fa75e4fdc23d7c7ad', 'fastx_clipper', '/usr/local2/bin', 'executable', 'FastX clipper', ' ', 'Hannon Lab');
INSERT INTO deployed_components(hid, id, name, location, type, description, version, attribution) VALUES (3, 'cd49d4e63362c4312ae235b94a4bc46a4', 'fastx_trimmer', '/usr/local2/bin', 'executable', 'Fastx Trimmer', ' ', 'Hannon Lab');
INSERT INTO deployed_components(hid, id, name, location, type, description, version, attribution) VALUES (4, 'c25d1206fbd2543fd90f8ce76d363087b', 'perl', '/usr/bin', 'executable', 'Perl interpreter', ' ', 'gnu');
INSERT INTO deployed_components(hid, id, name, location, type, description, version, attribution) VALUES (5, 'c35c0e84eda2646aaa6c5cc8cb690da70', 'fastq_quality_filter', '/usr/local2/bin', 'executable', ' ', '', '');
INSERT INTO deployed_components(hid, id, name, location, type, description, version, attribution) VALUES (6, 'c7a8f169cca4b4ee5ad93b6a46de498c3', 'bowtie', '/usr/local2/bin', 'executable', 'Bowtie is an ultrafast, memory-efficient short read aligner. It aligns short DNA sequences (reads) to the human genome at a rate of over 25 million 35-bp reads per hour. Bowtie indexes the genome with a Burrows-Wheeler index to keep its memory footprint small: typically about 2.2 GB for the human genome (2.9 GB for paired-end).', '0.12.7', 'Langmead B, Trapnell C, Pop M, Salzberg SL. Ultrafast and memory-efficient alignment of short DNA sequences to the human genome. Genome Biol 10:R25');
INSERT INTO deployed_components(hid, id, name, location, type, description, version, attribution) VALUES (7, 'c0ad5fa97187948f79b1b82cb2abcf623', 'cufflinks', '/usr/local2/bin', 'executable', ' ', ' ', ' ');
INSERT INTO deployed_components(hid, id, name, location, type, description, version, attribution) VALUES (8, 'c4b3ebdf32237419b820bf1db0781412e', 'contrast', '/usr/local2/bin', 'executable', ' ', ' ', ' ');
INSERT INTO deployed_components(hid, id, name, location, type, description, version, attribution) VALUES (9, 'c4b3ebdf32237419b820bfdddbd781412e', 'samtools', '/usr/local2/bin', 'executable', ' ', ' ', ' ');
INSERT INTO deployed_components(hid, id, name, location, type, description, version, attribution) VALUES (10, 'c4b3ebdd32237419b820bf3ddbd7d141d', 'bwa', '/usr/local2/bin/', 'executable', '', '', '');
INSERT INTO deployed_components(hid, id, name, location, type, description, version, attribution) VALUES (11, 'c4b3ebdd32137419b820ba3ddbd7d141e', 'bash', ' /bin', 'executable', ' ', ' ', ' ');
INSERT INTO deployed_components(hid, id, name, location, type, description, version, attribution) VALUES (12, 'c7a8f169cca4b4ee52237416c5cc8cbaa', 'tophat', '/usr/local2/bin', 'executable', ' ', ' ', ' ');
INSERT INTO input_output_mapping(hid, source, target) VALUES (1, 2, 3);
INSERT INTO input_output_mapping(hid, source, target) VALUES (2, 3, 4);
INSERT INTO input_output_mapping(hid, source, target) VALUES (3, 4, 5);
INSERT INTO input_output_mapping(hid, source, target) VALUES (4, 5, 6);
INSERT INTO input_output_mapping(hid, source, target) VALUES (5, 4, 6);
INSERT INTO input_output_mapping(hid, source, target) VALUES (6, 9, 10);
INSERT INTO input_output_mapping(hid, source, target) VALUES (7, 14, 15);
INSERT INTO input_output_mapping(hid, source, target) VALUES (8, 15, 16);
INSERT INTO notification(hid, id, name, sender, type) VALUES (1, 'temporary_id', 'temporary_name', 'contrastStep_tree', 'updateData');
INSERT INTO notification(hid, id, name, sender, type) VALUES (2, 'temporary_id', 'temporary_name', 'dace_tree', 'updateData');
INSERT INTO notification(hid, id, name, sender, type) VALUES (3, 'temporary_id', 'temporary_name', 'cace_tree', 'updateData');
INSERT INTO notification_set(hid, id, name, template_id) VALUES (1, 'nbe7d4732cf484ce2a3e594fcd0c17d75', '', 'a35f5afa532454d5c900ba40b1a04d83c');
INSERT INTO notification_set(hid, id, name, template_id) VALUES (2, 'n09e47ef621cf44099e9a44daaef641e5', '', 'a4068abfb78af40f496917cc4916383f1');
INSERT INTO notification_set(hid, id, name, template_id) VALUES (3, 'n505d5dc2e79d4fbe85246e142ffb60f2', '', 'ac6c8e153504c438ea462b41d8f8e98b0');
INSERT INTO notification_set_notification(notification_set_id, notification_id, hid) VALUES (1, 1, 0);
INSERT INTO notification_set_notification(notification_set_id, notification_id, hid) VALUES (2, 2, 0);
INSERT INTO notification_set_notification(notification_set_id, notification_id, hid) VALUES (3, 3, 0);
INSERT INTO notifications_receivers(notification_id, receiver, hid) VALUES (1, 'contrastStep_reconciletaxa', 0);
INSERT INTO notifications_receivers(notification_id, receiver, hid) VALUES (2, 'dace_reconciletaxa', 0);
INSERT INTO notifications_receivers(notification_id, receiver, hid) VALUES (3, 'cace_reconciletaxa', 0);
INSERT INTO property(hid, id, name, description, label, defalut_value, is_visible, ordering, property_type, validator) VALUES (1, 'script', '', null, '', ' /usr/local2/bin/reconcile_pair_end_files.pl ', 'f', 0, 1, null);
INSERT INTO property(hid, id, name, description, label, defalut_value, is_visible, ordering, property_type, validator) VALUES (2, 'minAnchorLength', ' --min-anchor-length ', null, 'Anchor length:', '8', 't', 1, 2, 1);
INSERT INTO property(hid, id, name, description, label, defalut_value, is_visible, ordering, property_type, validator) VALUES (3, 'spliceMismatches', ' --splice-mismatches ', null, 'Splice mismatches:', '0', 't', 1, 3, 2);
INSERT INTO property(hid, id, name, description, label, defalut_value, is_visible, ordering, property_type, validator) VALUES (4, 'minIntronLength', ' --min-intron-length ', null, 'Minimum intron length:', '70', 't', 1, 4, 3);
INSERT INTO property(hid, id, name, description, label, defalut_value, is_visible, ordering, property_type, validator) VALUES (5, 'maxIntronLength', ' --max-intron-length ', null, 'Maximum intron length:', '500000', 't', 1, 5, 4);
INSERT INTO property(hid, id, name, description, label, defalut_value, is_visible, ordering, property_type, validator) VALUES (6, 'qualityScale', ' --solexa-quals , --solexa1.3-quals , --integer-quals ', null, 'Select input quality scale:', '1', 't', 1, 6, 5);
INSERT INTO property(hid, id, name, description, label, defalut_value, is_visible, ordering, property_type, validator) VALUES (7, 'minIsoformFraction', ' --min-isoform-fraction ', null, 'Minimum isoform fraction:', '0.15', 't', 1, 7, 6);
INSERT INTO property(hid, id, name, description, label, defalut_value, is_visible, ordering, property_type, validator) VALUES (8, 'numberOfParallelThreads', ' --num-threads ', null, 'Number of threads to launch:', '2', 't', 1, 8, 7);
INSERT INTO property(hid, id, name, description, label, defalut_value, is_visible, ordering, property_type, validator) VALUES (9, 'maxMultiHits', ' --max-multihits ', null, 'Allow this many hits per read:', '40', 't', 1, 9, 8);
INSERT INTO property(hid, id, name, description, label, defalut_value, is_visible, ordering, property_type, validator) VALUES (10, 'minIsoformFraction', ' --min-isoform-fraction ', null, 'Minimum isoform fraction:', '0.15', 't', 1, 10, 9);
INSERT INTO property(hid, id, name, description, label, defalut_value, is_visible, ordering, property_type, validator) VALUES (11, 'microExonSearch', ' --microexon-search ', null, 'Look for reads incident to microexons:', 'false', 't', 1, 11, 10);
INSERT INTO property(hid, id, name, description, label, defalut_value, is_visible, ordering, property_type, validator) VALUES (12, 'butterflySearch', ' --butterfly-search ', null, 'Use a slower but more sensitive algorithm', 'false', 't', 1, 12, 11);
INSERT INTO property(hid, id, name, description, label, defalut_value, is_visible, ordering, property_type, validator) VALUES (13, 'libraryType', ' --library-type fr-unstranded , --library-type fr-firststrand , --library-type fr-secondstrand ', null, 'Select library type:', '0', 't', 1, 13, 12);
INSERT INTO property(hid, id, name, description, label, defalut_value, is_visible, ordering, property_type, validator) VALUES (14, 'segmentMismatches', ' --segment-mismatches ', null, 'Segment mismatches:', '2', 't', 1, 14, 13);
INSERT INTO property(hid, id, name, description, label, defalut_value, is_visible, ordering, property_type, validator) VALUES (15, 'segmentLength', ' --segment-length ', null, 'Segment subdivide length:', '25', 't', 1, 15, 14);
INSERT INTO property(hid, id, name, description, label, defalut_value, is_visible, ordering, property_type, validator) VALUES (16, 'minClosureExon', ' --min-closure-exon ', null, 'Length of exonic hops in splice graph:', '50', 't', 1, 16, 15);
INSERT INTO property(hid, id, name, description, label, defalut_value, is_visible, ordering, property_type, validator) VALUES (17, 'minClosureIntron', ' --min-closure-intron ', null, 'Minimum intron length found during closure search:', '50', 't', 1, 17, 16);
INSERT INTO property(hid, id, name, description, label, defalut_value, is_visible, ordering, property_type, validator) VALUES (18, 'maxClosureIntron', ' --max-closure-intron ', null, 'Maximum intron length found during closure search:', '5000', 't', 1, 18, 17);
INSERT INTO property(hid, id, name, description, label, defalut_value, is_visible, ordering, property_type, validator) VALUES (19, 'minCoverageIntron', ' --min-coverage-intron ', null, 'Minimum intron length found during coverage search:', '50', 't', 1, 19, 18);
INSERT INTO property(hid, id, name, description, label, defalut_value, is_visible, ordering, property_type, validator) VALUES (20, 'maxCoverageIntron', ' --max-coverage-intron ', null, 'Maximum intron length found during coverage search:', '20000', 't', 1, 20, 19);
INSERT INTO property(hid, id, name, description, label, defalut_value, is_visible, ordering, property_type, validator) VALUES (21, 'minSegmentIntron', ' --min-segment-intron ', null, 'Minimum intron length found during split-segment search:', '50', 't', 1, 21, 20);
INSERT INTO property(hid, id, name, description, label, defalut_value, is_visible, ordering, property_type, validator) VALUES (22, 'maxSegmentIntron', ' --max-segment-intron ', null, 'Maximum intron length found during split-segment search:', '500000', 't', 1, 22, 21);
INSERT INTO property(hid, id, name, description, label, defalut_value, is_visible, ordering, property_type, validator) VALUES (23, 'keepTemp', ' --keep-tmp ', null, 'Preserve intermediate files from TopHat', 'false', 't', 1, 23, 22);
INSERT INTO property(hid, id, name, description, label, defalut_value, is_visible, ordering, property_type, validator) VALUES (24, 'noNovelJunctions', ' --no-novel-juncs ', null, 'Only inspect junctions specified in reference annotation:', 'false', 't', 1, 24, 23);
INSERT INTO property(hid, id, name, description, label, defalut_value, is_visible, ordering, property_type, validator) VALUES (25, 'meanInnerDist', ' --mate-inner-dist ', null, 'Expected (mean) inner distance between mate pairs:', '200', 't', 1, 25, 24);
INSERT INTO property(hid, id, name, description, label, defalut_value, is_visible, ordering, property_type, validator) VALUES (26, 'script', '', null, '', ' /usr/local2/bin/run_tophat.sh ', 'f', 0, 26, null);
INSERT INTO property(hid, id, name, description, label, defalut_value, is_visible, ordering, property_type, validator) VALUES (27, 'minAnchorLength', ' --min-anchor-length ', null, 'Anchor length:', '8', 't', 1, 27, 25);
INSERT INTO property(hid, id, name, description, label, defalut_value, is_visible, ordering, property_type, validator) VALUES (28, 'spliceMismatches', ' --splice-mismatches ', null, 'Splice mismatches:', '0', 't', 1, 28, 26);
INSERT INTO property(hid, id, name, description, label, defalut_value, is_visible, ordering, property_type, validator) VALUES (29, 'minIntronLength', ' --min-intron-length ', null, 'Minimum intron length:', '70', 't', 1, 29, 27);
INSERT INTO property(hid, id, name, description, label, defalut_value, is_visible, ordering, property_type, validator) VALUES (30, 'maxIntronLength', ' --max-intron-length ', null, 'Maximum intron length:', '500000', 't', 1, 30, 28);
INSERT INTO property(hid, id, name, description, label, defalut_value, is_visible, ordering, property_type, validator) VALUES (31, 'qualityScale', ' --solexa-quals , --solexa1.3-quals , --integer-quals ', null, 'Select input quality scale:', '1', 't', 1, 31, 29);
INSERT INTO property(hid, id, name, description, label, defalut_value, is_visible, ordering, property_type, validator) VALUES (32, 'minIsoformFraction', ' --min-isoform-fraction ', null, 'Minimum isoform fraction:', '0.15', 't', 1, 32, 30);
INSERT INTO property(hid, id, name, description, label, defalut_value, is_visible, ordering, property_type, validator) VALUES (33, 'numberOfParallelThreads', ' --num-threads ', null, 'Number of threads to launch:', '2', 't', 1, 33, 31);
INSERT INTO property(hid, id, name, description, label, defalut_value, is_visible, ordering, property_type, validator) VALUES (34, 'maxMultiHits', ' --max-multihits ', null, 'Allow this many hits per read:', '40', 't', 1, 34, 32);
INSERT INTO property(hid, id, name, description, label, defalut_value, is_visible, ordering, property_type, validator) VALUES (35, 'minIsoformFraction', ' --min-isoform-fraction ', null, 'Minimum isoform fraction:', '0.15', 't', 1, 35, 33);
INSERT INTO property(hid, id, name, description, label, defalut_value, is_visible, ordering, property_type, validator) VALUES (36, 'microExonSearch', ' --microexon-search ', null, 'Look for reads incident to microexons', 'false', 't', 1, 36, 34);
INSERT INTO property(hid, id, name, description, label, defalut_value, is_visible, ordering, property_type, validator) VALUES (37, 'butterflySearch', ' --butterfly-search ', null, 'Use a slower but more sensitive algorithm', 'false', 't', 1, 37, 35);
INSERT INTO property(hid, id, name, description, label, defalut_value, is_visible, ordering, property_type, validator) VALUES (38, 'libraryType', ' --library-type fr-unstranded , --library-type fr-firststrand , --library-type fr-secondstrand ', null, 'Select library type:', '0', 't', 1, 38, 36);
INSERT INTO property(hid, id, name, description, label, defalut_value, is_visible, ordering, property_type, validator) VALUES (39, 'segmentMismatches', ' --segment-mismatches ', null, 'Segment mismatches:', '2', 't', 1, 39, 37);
INSERT INTO property(hid, id, name, description, label, defalut_value, is_visible, ordering, property_type, validator) VALUES (40, 'segmentLength', ' --segment-length ', null, 'Segment subdivide length:', '25', 't', 1, 40, 38);
INSERT INTO property(hid, id, name, description, label, defalut_value, is_visible, ordering, property_type, validator) VALUES (41, 'minClosureExon', ' --min-closure-exon ', null, 'Length of exonic hops in splice graph:', '50', 't', 1, 41, 39);
INSERT INTO property(hid, id, name, description, label, defalut_value, is_visible, ordering, property_type, validator) VALUES (42, 'minClosureIntron', ' --min-closure-intron ', null, 'Minimum intron length found during closure search:', '50', 't', 1, 42, 40);
INSERT INTO property(hid, id, name, description, label, defalut_value, is_visible, ordering, property_type, validator) VALUES (43, 'maxClosureIntron', ' --max-closure-intron ', null, 'Maximum intron length found during closure search:', '5000', 't', 1, 43, 41);
INSERT INTO property(hid, id, name, description, label, defalut_value, is_visible, ordering, property_type, validator) VALUES (44, 'minCoverageIntron', ' --min-coverage-intron ', null, 'Minimum intron length found during coverage search:', '50', 't', 1, 44, 42);
INSERT INTO property(hid, id, name, description, label, defalut_value, is_visible, ordering, property_type, validator) VALUES (45, 'maxCoverageIntron', ' --max-coverage-intron ', null, 'Maximum intron length found during coverage search:', '20000', 't', 1, 45, 43);
INSERT INTO property(hid, id, name, description, label, defalut_value, is_visible, ordering, property_type, validator) VALUES (46, 'minSegmentIntron', ' --min-segment-intron ', null, 'Minimum intron length found during split-segment search:', '50', 't', 1, 46, 44);
INSERT INTO property(hid, id, name, description, label, defalut_value, is_visible, ordering, property_type, validator) VALUES (47, 'maxSegmentIntron', ' --max-segment-intron ', null, 'Maximum intron length found during split-segment search:', '500000', 't', 1, 47, 45);
INSERT INTO property(hid, id, name, description, label, defalut_value, is_visible, ordering, property_type, validator) VALUES (48, 'keepTemp', ' --keep-tmp ', null, 'Preserve intermediate files from TopHat', 'false', 't', 1, 48, 46);
INSERT INTO property(hid, id, name, description, label, defalut_value, is_visible, ordering, property_type, validator) VALUES (49, 'noNovelJunctions', ' --no-novel-juncs ', null, 'Only inspect junctions specified in reference annotation', 'false', 't', 1, 49, 47);
INSERT INTO property(hid, id, name, description, label, defalut_value, is_visible, ordering, property_type, validator) VALUES (50, 'script', '', null, '', ' /usr/local2/bin/run_tophat.sh ', 'f', 0, 50, null);
INSERT INTO property(hid, id, name, description, label, defalut_value, is_visible, ordering, property_type, validator) VALUES (51, 'script', '', null, '', ' /usr/local2/bin/convert_to_bam.sh ', 'f', 1, 51, null);
INSERT INTO property(hid, id, name, description, label, defalut_value, is_visible, ordering, property_type, validator) VALUES (52, 'script', '', null, '', ' /usr/local2/bin/merge_sam_files.sh ', 'f', 1, 52, null);
INSERT INTO property(hid, id, name, description, label, defalut_value, is_visible, ordering, property_type, validator) VALUES (53, 'minReadDepth', ' -d ', null, 'Minimum read depth:', '3', 't', 6, 53, 48);
INSERT INTO property(hid, id, name, description, label, defalut_value, is_visible, ordering, property_type, validator) VALUES (54, 'maxReadDepth', ' -D ', null, 'Maximum read depth:', '100', 't', 7, 54, 49);
INSERT INTO property(hid, id, name, description, label, defalut_value, is_visible, ordering, property_type, validator) VALUES (55, 'basePairsGapExcluded', ' -w ', null, 'SNPs within X base pairs around a gap should be excluded:', '10', 't', 8, 55, 50);
INSERT INTO property(hid, id, name, description, label, defalut_value, is_visible, ordering, property_type, validator) VALUES (56, 'windowSizeForFilteringDenseSnps', ' -W ', null, 'Window size for filtering dense SNPs:', '10', 't', 9, 56, 51);
INSERT INTO property(hid, id, name, description, label, defalut_value, is_visible, ordering, property_type, validator) VALUES (57, 'maxSnpsInWindow', ' -N ', null, 'Maximum number of SNPs in a window:', '2', 't', 10, 57, 52);
INSERT INTO property(hid, id, name, description, label, defalut_value, is_visible, ordering, property_type, validator) VALUES (58, 'windowSizeForFilteringAdjGaps', ' -l ', null, 'Window size for filtering adjacent gaps:', '30', 't', 11, 58, 53);
INSERT INTO property(hid, id, name, description, label, defalut_value, is_visible, ordering, property_type, validator) VALUES (59, 'minSnpQuality', ' ', null, 'Minimum SNP quality (PHRED based):', '3', 't', 30, 59, 54);
INSERT INTO property(hid, id, name, description, label, defalut_value, is_visible, ordering, property_type, validator) VALUES (60, 'mode', '', null, 'mode', ' varFilter ', 'f', 2, 60, null);
INSERT INTO property(hid, id, name, description, label, defalut_value, is_visible, ordering, property_type, validator) VALUES (61, 'minRMSsnp', ' -Q ', null, 'Minimum RMS mapping quality for SNPS', '25', 't', 3, 61, null);
INSERT INTO property(hid, id, name, description, label, defalut_value, is_visible, ordering, property_type, validator) VALUES (62, 'minRMSgap', ' -q ', null, ' Minimum RMS mapping quality for gaps', '10', 't', 4, 62, null);
INSERT INTO property(hid, id, name, description, label, defalut_value, is_visible, ordering, property_type, validator) VALUES (63, 'minIndelScore', ' -G ', null, 'Minimum indel score for nearby SNP filtering', '25', 't', 5, 63, null);
INSERT INTO property(hid, id, name, description, label, defalut_value, is_visible, ordering, property_type, validator) VALUES (64, 'script', '', null, '', ' /usr/local2/bin/samtools_filtering.sh ', 'f', 1, 64, null);
INSERT INTO property(hid, id, name, description, label, defalut_value, is_visible, ordering, property_type, validator) VALUES (65, 'col_title', ' --column-title ', null, 'Enter the sample name:', null, 't', 2, 65, 55);
INSERT INTO property(hid, id, name, description, label, defalut_value, is_visible, ordering, property_type, validator) VALUES (66, 'sam2vcf', '', null, '', ' /usr/local2/bin/convert_to_vcf.sh ', 'f', 0, 66, null);
INSERT INTO property(hid, id, name, description, label, defalut_value, is_visible, ordering, property_type, validator) VALUES (67, 'thetaParameter', ' -T ', null, 'Theta parameter (error dependency coefficient).<br> Enter a number between 0 and 1:', '.85', 't', 3, 67, 56);
INSERT INTO property(hid, id, name, description, label, defalut_value, is_visible, ordering, property_type, validator) VALUES (68, 'numberOfHaplotypes', ' -N ', null, 'Number of haplotypes in sample:', '2', 't', 3, 68, 57);
INSERT INTO property(hid, id, name, description, label, defalut_value, is_visible, ordering, property_type, validator) VALUES (69, 'thetaParameter', ' -I ', null, 'Expected fraction of differences between a pair of haplotypes:', '.001', 't', 4, 69, 58);
INSERT INTO property(hid, id, name, description, label, defalut_value, is_visible, ordering, property_type, validator) VALUES (70, 'indelProbability', ' -I ', null, 'Probability of an indel in sequencing (PHRED scale):', '3', 't', 5, 70, 59);
INSERT INTO property(hid, id, name, description, label, defalut_value, is_visible, ordering, property_type, validator) VALUES (71, 'mode', ' ', null, 'mode', ' pileup ', 'f', 1, 71, null);
INSERT INTO property(hid, id, name, description, label, defalut_value, is_visible, ordering, property_type, validator) VALUES (72, 'script', ' ', null, '', ' /usr/local2/bin/samtools_base_calling.sh ', 'f', 0, 72, null);
INSERT INTO property(hid, id, name, description, label, defalut_value, is_visible, ordering, property_type, validator) VALUES (73, 'maxgap', ' -o ', null, 'Maximum number of gaps open:', '1', 'f', 4, 73, 60);
INSERT INTO property(hid, id, name, description, label, defalut_value, is_visible, ordering, property_type, validator) VALUES (74, 'gapextensions', ' -e ', null, 'Maximum number of gap extensions:', '-1', 'f', 4, 74, 61);
INSERT INTO property(hid, id, name, description, label, defalut_value, is_visible, ordering, property_type, validator) VALUES (75, 'longdeletion', ' -d ', null, 'Disallow deletion #bps:', '16', 'f', 4, 75, 62);
INSERT INTO property(hid, id, name, description, label, defalut_value, is_visible, ordering, property_type, validator) VALUES (76, 'indelbp', ' -i ', null, 'Disallow indel within # bp towards end:', '5', 'f', 4, 76, 63);
INSERT INTO property(hid, id, name, description, label, defalut_value, is_visible, ordering, property_type, validator) VALUES (77, 'seed', ' -l ', null, 'label', 'inf', 'f', 4, 77, 64);
INSERT INTO property(hid, id, name, description, label, defalut_value, is_visible, ordering, property_type, validator) VALUES (78, 'editdistseed', ' -k ', null, 'Maximum edit distance:', '2', 'f', 4, 78, 65);
INSERT INTO property(hid, id, name, description, label, defalut_value, is_visible, ordering, property_type, validator) VALUES (79, 'threads', ' -t ', null, 'Number of threads:', '1', 'f', 4, 79, 66);
INSERT INTO property(hid, id, name, description, label, defalut_value, is_visible, ordering, property_type, validator) VALUES (80, 'mismatchpenalty', ' -M ', null, 'Mismatch penalty :', '3', 'f', 4, 80, 67);
INSERT INTO property(hid, id, name, description, label, defalut_value, is_visible, ordering, property_type, validator) VALUES (81, 'gopenpenalty', ' -O ', null, 'Gap open penalty: ', '11', 'f', 4, 81, 68);
INSERT INTO property(hid, id, name, description, label, defalut_value, is_visible, ordering, property_type, validator) VALUES (82, 'gextpenalty', ' -E ', null, 'Gap extension penalty:', '4', 'f', 4, 82, 69);
INSERT INTO property(hid, id, name, description, label, defalut_value, is_visible, ordering, property_type, validator) VALUES (83, 'suboptimalalign', ' -R ', null, 'Proceed with suboptimal alignments : ', '32', 'f', 4, 83, 70);
INSERT INTO property(hid, id, name, description, label, defalut_value, is_visible, ordering, property_type, validator) VALUES (84, 'reversecomp', ' -c ', null, 'Reverse query but not complement it', 'false', 'f', 4, 84, 71);
INSERT INTO property(hid, id, name, description, label, defalut_value, is_visible, ordering, property_type, validator) VALUES (85, 'mode', ' ', null, 'BWA command type', ' aln ', 'f', 1, 85, 72);
INSERT INTO property(hid, id, name, description, label, defalut_value, is_visible, ordering, property_type, validator) VALUES (86, 'itersearch', ' -N ', null, 'Disable iterative search ', 'false', 'f', 4, 86, 73);
INSERT INTO property(hid, id, name, description, label, defalut_value, is_visible, ordering, property_type, validator) VALUES (87, 'readtrim', ' -q ', null, 'Parameter for read trimming:', '0', 'f', 4, 87, 74);
INSERT INTO property(hid, id, name, description, label, defalut_value, is_visible, ordering, property_type, validator) VALUES (88, 'script', '', null, '', ' /usr/local2/bin/run_bwa.sh ', 'f', 0, 88, null);
INSERT INTO property(hid, id, name, description, label, defalut_value, is_visible, ordering, property_type, validator) VALUES (89, 'maxgap', ' -o ', null, 'Maximum number of gaps open:', '1', 'f', 4, 89, 75);
INSERT INTO property(hid, id, name, description, label, defalut_value, is_visible, ordering, property_type, validator) VALUES (90, 'gapextensions', ' -e ', null, 'Maximum number of gap extensions:', '1', 'f', 4, 90, 76);
INSERT INTO property(hid, id, name, description, label, defalut_value, is_visible, ordering, property_type, validator) VALUES (91, 'longdeletion', ' -d ', null, 'Disallow deletion #bps:', '16', 'f', 4, 91, 77);
INSERT INTO property(hid, id, name, description, label, defalut_value, is_visible, ordering, property_type, validator) VALUES (92, 'indelbp', ' -i ', null, 'Disallow indel within # bp towards end:', '5', 'f', 4, 92, 78);
INSERT INTO property(hid, id, name, description, label, defalut_value, is_visible, ordering, property_type, validator) VALUES (93, 'seed', ' -l ', null, 'label', 'inf', 'f', 4, 93, 79);
INSERT INTO property(hid, id, name, description, label, defalut_value, is_visible, ordering, property_type, validator) VALUES (94, 'editdistseed', ' -k ', null, 'Maximum edit distance :', '2', 'f', 4, 94, 80);
INSERT INTO property(hid, id, name, description, label, defalut_value, is_visible, ordering, property_type, validator) VALUES (95, 'threads', ' -t ', null, 'Number of threads:  ', '1', 'f', 4, 95, 81);
INSERT INTO property(hid, id, name, description, label, defalut_value, is_visible, ordering, property_type, validator) VALUES (96, 'mismatchpenalty', ' -M ', null, 'Mismatch penalty :', '3', 'f', 4, 96, 82);
INSERT INTO property(hid, id, name, description, label, defalut_value, is_visible, ordering, property_type, validator) VALUES (97, 'gopenpenalty', ' -O ', null, 'Gap open penalty: ', '11', 'f', 4, 97, 83);
INSERT INTO property(hid, id, name, description, label, defalut_value, is_visible, ordering, property_type, validator) VALUES (98, 'gextpenalty', ' -E ', null, 'Gap extension penalty:', '4', 'f', 4, 98, 84);
INSERT INTO property(hid, id, name, description, label, defalut_value, is_visible, ordering, property_type, validator) VALUES (99, 'suboptimalalign', ' -R ', null, 'Proceed with suboptimal alignments : ', '32', 'f', 4, 99, 85);
INSERT INTO property(hid, id, name, description, label, defalut_value, is_visible, ordering, property_type, validator) VALUES (100, 'reversecomp', ' -c ', null, 'Reverse query but not complement it', 'false', 'f', 4, 100, 86);
INSERT INTO property(hid, id, name, description, label, defalut_value, is_visible, ordering, property_type, validator) VALUES (101, 'mode', ' ', null, 'BWA command type', ' aln ', 'f', 1, 101, 87);
INSERT INTO property(hid, id, name, description, label, defalut_value, is_visible, ordering, property_type, validator) VALUES (102, 'itersearch', ' -N ', null, 'Disable iterative search ', 'false', 'f', 4, 102, 88);
INSERT INTO property(hid, id, name, description, label, defalut_value, is_visible, ordering, property_type, validator) VALUES (103, 'readtrim', ' -q ', null, 'Parameter for read trimming:', '0', 'f', 4, 103, 89);
INSERT INTO property(hid, id, name, description, label, defalut_value, is_visible, ordering, property_type, validator) VALUES (104, 'script', '', null, '', ' /usr/local2/bin/run_bwa_per.sh ', 'f', 0, 104, null);
INSERT INTO property(hid, id, name, description, label, defalut_value, is_visible, ordering, property_type, validator) VALUES (105, 'maxIntronLength', ' -I ', null, 'Maximum Intron Length:', '300000', 't', 0, 105, 90);
INSERT INTO property(hid, id, name, description, label, defalut_value, is_visible, ordering, property_type, validator) VALUES (106, 'minIsoFormFraction', ' -F ', null, 'Minimum isoform fraction:', '0.05', 't', 1, 106, 91);
INSERT INTO property(hid, id, name, description, label, defalut_value, is_visible, ordering, property_type, validator) VALUES (107, 'preMrnaFraction', ' -j ', null, 'Expected pre-mRNA fraction', '0.05', 't', 2, 107, 92);
INSERT INTO property(hid, id, name, description, label, defalut_value, is_visible, ordering, property_type, validator) VALUES (108, 'numberOfParallelThreads', ' --num-threads ', null, 'Number of threads to launch', ' 2 ', 'f', 0, 108, 93);
INSERT INTO property(hid, id, name, description, label, defalut_value, is_visible, ordering, property_type, validator) VALUES (109, 'minMapQual', ' -Q ', null, 'Minimum SAM mapping quality score to include in analysis:', '0', 't', 3, 109, 94);
INSERT INTO property(hid, id, name, description, label, defalut_value, is_visible, ordering, property_type, validator) VALUES (110, 'quartileNormalization', ' --quartile-normalization ', null, 'Exclude the contribution of the top 25 percent most highly expressed genes from FPKM denominator', 'false', 't', 0, 110, 95);
INSERT INTO property(hid, id, name, description, label, defalut_value, is_visible, ordering, property_type, validator) VALUES (111, 'junctionAlpha', ' --junc-alpha ', null, 'Alpha value for the binomial test used during false positive spliced alignment filtration', '0.01', 't', 0, 111, 96);
INSERT INTO property(hid, id, name, description, label, defalut_value, is_visible, ordering, property_type, validator) VALUES (112, 'smallAnchorFraction', ' --small-anchor-fraction ', null, 'This fraction of a spliced read must span an exon junction', '0.12', 't', 0, 112, 97);
INSERT INTO property(hid, id, name, description, label, defalut_value, is_visible, ordering, property_type, validator) VALUES (113, 'minFragsPerTransfrag', ' --min-frags-per-transfrag ', null, 'Minimum fragments per transfrag', '10', 't', 0, 113, 98);
INSERT INTO property(hid, id, name, description, label, defalut_value, is_visible, ordering, property_type, validator) VALUES (114, 'numberOfImportanceSamples', ' --num-importance-samples ', null, 'Number of importance samples generated for each locus', '1000', 't', 0, 114, 99);
INSERT INTO property(hid, id, name, description, label, defalut_value, is_visible, ordering, property_type, validator) VALUES (115, 'maxMLEIterations', ' --max-mle-iterations ', null, 'Iterations allowed during Maxiumum Likelihood Estimation', '5000', 't', 0, 115, 100);
INSERT INTO property(hid, id, name, description, label, defalut_value, is_visible, ordering, property_type, validator) VALUES (116, 'libraryType', ' --library-type fr-unstranded , --library-type fr-firststrand , --library-type fr-secondstrand , --library-type ff-unstranded , --library-type ff-firststrand , --library-type ff-secondstrand ', null, 'Select library type:', '0', 't', 0, 116, 101);
INSERT INTO property(hid, id, name, description, label, defalut_value, is_visible, ordering, property_type, validator) VALUES (117, 'script', ' ', null, 'script', ' /usr/local2/bin/cufflinks_postprocessing.sh ', 'f', 0, 117, null);
INSERT INTO property(hid, id, name, description, label, defalut_value, is_visible, ordering, property_type, validator) VALUES (118, 'infop', 'info', null, 'Please select at least one option', null, 't', 0, 118, null);
INSERT INTO property(hid, id, name, description, label, defalut_value, is_visible, ordering, property_type, validator) VALUES (119, 'printreg', 'R#R', null, 'Output correlations and regressions', 'true', 't', 3, 119, null);
INSERT INTO property(hid, id, name, description, label, defalut_value, is_visible, ordering, property_type, validator) VALUES (120, 'printcon', 'C', null, 'Output contrasts', 'false', 't', 4, 120, null);
INSERT INTO property(hid, id, name, description, label, defalut_value, is_visible, ordering, property_type, validator) VALUES (121, 'script', '', null, '', ' /usr/local2/bin/contrastrun.sh ', 'f', 0, 121, null);
INSERT INTO property(hid, id, name, description, label, defalut_value, is_visible, ordering, property_type, validator) VALUES (122, 'option', ' ', null, 'Maximum number of gaps open', 'contrastc.tmp', 'f', 4, 122, 102);
INSERT INTO property(hid, id, name, description, label, defalut_value, is_visible, ordering, property_type, validator) VALUES (123, 'mode', ' --vanilla ', null, '', '', 'f', 1, 123, null);
INSERT INTO property(hid, id, name, description, label, defalut_value, is_visible, ordering, property_type, validator) VALUES (124, 'script', '', null, '', ' /usr/local2/bin/cacerun.R ', 'f', 2, 124, null);
INSERT INTO property(hid, id, name, description, label, defalut_value, is_visible, ordering, property_type, validator) VALUES (125, 'ip', ' -i ', null, 'Initial value (starting rate for ML estimation)', '0.1', 't', 3, 125, 103);
INSERT INTO property(hid, id, name, description, label, defalut_value, is_visible, ordering, property_type, validator) VALUES (126, 'mode', '', null, 'R environment type', ' --vanilla ', 'f', 0, 126, null);
INSERT INTO property(hid, id, name, description, label, defalut_value, is_visible, ordering, property_type, validator) VALUES (127, 'script', '', null, '', ' /usr/local2/bin/dacerun.R ', 'f', 1, 127, null);
INSERT INTO property(hid, id, name, description, label, defalut_value, is_visible, ordering, property_type, validator) VALUES (128, '', 'This tool splits a FASTQ file into several files using barcodes as the split criteria.', null, 'This tool splits a FASTQ file into several files using barcodes as the split criteria.', null, 't', 1000, 128, null);
INSERT INTO property(hid, id, name, description, label, defalut_value, is_visible, ordering, property_type, validator) VALUES (129, 'barcodeEntryOption', ' --bcfile ', null, 'Enter barcode:', null, 't', 2, 129, null);
INSERT INTO property(hid, id, name, description, label, defalut_value, is_visible, ordering, property_type, validator) VALUES (130, 'numberOfAllowedMismatches', ' --mismatches ', null, 'Number of allowed mismatches:', '1', 't', 3, 130, 104);
INSERT INTO property(hid, id, name, description, label, defalut_value, is_visible, ordering, property_type, validator) VALUES (131, 'script', ' ', null, '', '', 'f', 0, 131, null);
INSERT INTO property(hid, id, name, description, label, defalut_value, is_visible, ordering, property_type, validator) VALUES (132, 'bposition', ' --bol ', null, '', ' ', 'f', 4, 132, null);
INSERT INTO property(hid, id, name, description, label, defalut_value, is_visible, ordering, property_type, validator) VALUES (133, 'prefix', ' --prefix ', null, 'Prefix', null, 'f', 4, 133, null);
INSERT INTO property(hid, id, name, description, label, defalut_value, is_visible, ordering, property_type, validator) VALUES (134, '', '', null, 'This tool will convert quality scoring to Sanger scoring.', null, 't', 0, 134, null);
INSERT INTO property(hid, id, name, description, label, defalut_value, is_visible, ordering, property_type, validator) VALUES (135, 'qualityScoresType', ' fqint2std , sol2std , sol2std2 , fa2std , fq2fa , export2std , csfa2std ', null, 'My sequence reads are the following scoring type:', null, 't', 1, 135, 105);
INSERT INTO property(hid, id, name, description, label, defalut_value, is_visible, ordering, property_type, validator) VALUES (136, 'script', ' ', null, '', ' /usr/local2/bin/run_scaler.sh ', 'f', 0, 136, null);
INSERT INTO property(hid, id, name, description, label, defalut_value, is_visible, ordering, property_type, validator) VALUES (137, '', 'This tool filters reads based on quality scores.', null, 'This tool filters reads based on quality scores.', null, 't', 0, 137, null);
INSERT INTO property(hid, id, name, description, label, defalut_value, is_visible, ordering, property_type, validator) VALUES (138, 'qualityCutOff', ' -q ', null, 'Quality cut-off value:', '20', 't', 0, 138, 106);
INSERT INTO property(hid, id, name, description, label, defalut_value, is_visible, ordering, property_type, validator) VALUES (139, 'percentBasesAboveCutoff', ' -p ', null, 'Percent of bases in sequence that must have quality equal to / higher than cut-off value:', '90', 't', 0, 139, 107);
INSERT INTO property(hid, id, name, description, label, defalut_value, is_visible, ordering, property_type, validator) VALUES (140, '', 'This tool will trim 3'' adapters from FASTQ sequence reads.', null, 'This tool will trim 3'' adapters from FASTQ sequence reads.', null, 't', 0, 140, null);
INSERT INTO property(hid, id, name, description, label, defalut_value, is_visible, ordering, property_type, validator) VALUES (141, 'adapterEntryOption', ' -a ', null, '', null, 't', 0, 141, null);
INSERT INTO property(hid, id, name, description, label, defalut_value, is_visible, ordering, property_type, validator) VALUES (142, 'minSequenceLengthAfterClipping', ' -l ', null, 'Minimum sequence length after clipping:', '28', 't', 0, 142, 108);
INSERT INTO property(hid, id, name, description, label, defalut_value, is_visible, ordering, property_type, validator) VALUES (143, 'discardSequencesWithUnknownBases', ' -n ', null, 'Discard sequences with unknown (N) bases', 'false', 't', 0, 143, null);
INSERT INTO property(hid, id, name, description, label, defalut_value, is_visible, ordering, property_type, validator) VALUES (144, 'outputOption', ' -c , -C , ', null, 'Output options:', null, 't', 0, 144, 109);
INSERT INTO property(hid, id, name, description, label, defalut_value, is_visible, ordering, property_type, validator) VALUES (145, '', 'This tool trims (cut bases from) sequences in a FASTQ file.', null, 'This tool trims (cut bases from) sequences in a FASTQ file.', null, 't', 0, 145, null);
INSERT INTO property(hid, id, name, description, label, defalut_value, is_visible, ordering, property_type, validator) VALUES (146, 'firstBaseToKeep', ' -f ', null, 'First base to keep:', '1', 't', 0, 146, 110);
INSERT INTO property(hid, id, name, description, label, defalut_value, is_visible, ordering, property_type, validator) VALUES (147, 'lastBaseToKeep', ' -l ', null, 'Last base to keep:', '28', 't', 0, 147, 111);
INSERT INTO property(hid, id, name, description, label, defalut_value, is_visible, ordering, property_type, validator) VALUES (148, '', '', null, 'This tool will submit your list of names for matching to the iPlant database.', null, 't', 0, 148, null);
INSERT INTO property(hid, id, name, description, label, defalut_value, is_visible, ordering, property_type, validator) VALUES (149, 'tnrs', '', null, '', null, 't', 0, 149, null);
INSERT INTO property(hid, id, name, description, label, defalut_value, is_visible, ordering, property_type, validator) VALUES (150, 'includeFamilyNames', 'familyNames', null, 'Include family names in output', null, 't', 0, 150, null);
INSERT INTO property(hid, id, name, description, label, defalut_value, is_visible, ordering, property_type, validator) VALUES (151, 'script', '', null, 'script', ' /usr/local2/bin/merge_fastq_files.sh ', 'f', 0, 151, null);
INSERT INTO property(hid, id, name, description, label, defalut_value, is_visible, ordering, property_type, validator) VALUES (152, 'script', '', null, '', ' /usr/local2/bin/merge_sam_files.sh ', 'f', 2, 152, null);
INSERT INTO property_group(hid, id, name, description, label, group_type, is_visible) VALUES (1, '', '', null, '', 'step', 't');
INSERT INTO property_group(hid, id, name, description, label, group_type, is_visible) VALUES (2, 'idPanel0', 'Options', null, 'Select parameters', 'step', 't');
INSERT INTO property_group(hid, id, name, description, label, group_type, is_visible) VALUES (3, 'idPanel0', 'Options', null, 'Select parameters', 'step', 't');
INSERT INTO property_group(hid, id, name, description, label, group_type, is_visible) VALUES (4, 'idPanel0', 'First Panel', null, 'Options', 'step', 't');
INSERT INTO property_group(hid, id, name, description, label, group_type, is_visible) VALUES (5, 'idPanel0', 'First Panel', null, 'Options', 'step', 't');
INSERT INTO property_group(hid, id, name, description, label, group_type, is_visible) VALUES (6, 'idPanel1', 'Filtering', null, 'Filtering', 'step', 't');
INSERT INTO property_group(hid, id, name, description, label, group_type, is_visible) VALUES (7, 'idPanel1', 'Options', null, 'Options', 'step', 't');
INSERT INTO property_group(hid, id, name, description, label, group_type, is_visible) VALUES (8, 'idPanel0', 'Base Calling', null, 'Base calling', 'step', 't');
INSERT INTO property_group(hid, id, name, description, label, group_type, is_visible) VALUES (9, 'idPanel0', 'Select Libraries', null, 'Select Libraries', 'step', 't');
INSERT INTO property_group(hid, id, name, description, label, group_type, is_visible) VALUES (10, 'idPanel0', 'Select Libraries', null, 'Select Libraries', 'step', 't');
INSERT INTO property_group(hid, id, name, description, label, group_type, is_visible) VALUES (11, 'idPanel2', 'Parameters for analysis', null, 'Parameters for analysis', 'step', 't');
INSERT INTO property_group(hid, id, name, description, label, group_type, is_visible) VALUES (12, 'idPanel2', 'Parameters for analysis', null, 'Parameters for analysis', 'step', 't');
INSERT INTO property_group(hid, id, name, description, label, group_type, is_visible) VALUES (13, 'idPanel1', 'Select output details', null, 'Select output details', 'step', 't');
INSERT INTO property_group(hid, id, name, description, label, group_type, is_visible) VALUES (14, 'idPanel1', 'Select output details', null, 'Select output details', 'step', 't');
INSERT INTO property_group(hid, id, name, description, label, group_type, is_visible) VALUES (15, '', '', null, 'Set parameters', 'step', 't');
INSERT INTO property_group(hid, id, name, description, label, group_type, is_visible) VALUES (16, '', 'Set parameters', null, 'Set parameters', 'step', 't');
INSERT INTO property_group(hid, id, name, description, label, group_type, is_visible) VALUES (17, 'idPanel0', 'Manage Barcodes', null, 'Manage barcodes', 'step', 't');
INSERT INTO property_group(hid, id, name, description, label, group_type, is_visible) VALUES (18, 'idPanel3', 'Convert Scoring', null, 'Convert scoring', 'step', 't');
INSERT INTO property_group(hid, id, name, description, label, group_type, is_visible) VALUES (19, 'idPanel4', 'Quality Filtering', null, 'Quality filtering', 'step', 't');
INSERT INTO property_group(hid, id, name, description, label, group_type, is_visible) VALUES (20, 'idPanel1', 'Trim 3'' Adapters', null, 'Trim 3'' adapters', 'step', 't');
INSERT INTO property_group(hid, id, name, description, label, group_type, is_visible) VALUES (21, 'idPanel2', 'Remove Non-Biological Sequences', null, 'Remove non-biological sequences', 'step', 't');
INSERT INTO property_group(hid, id, name, description, label, group_type, is_visible) VALUES (22, 'idPanel0', 'Name Resolution', null, 'Name Resolution', 'step', 't');
INSERT INTO property_group(hid, id, name, description, label, group_type, is_visible) VALUES (23, 'idPanel0', 'Options', null, 'Options', 'step', 't');
INSERT INTO property_group(hid, id, name, description, label, group_type, is_visible) VALUES (24, '', '', null, 'Set parameters', 'step', 't');
INSERT INTO property_group_property(property_group_id, property_id, hid) VALUES (1, 1, 0);
INSERT INTO property_group_property(property_group_id, property_id, hid) VALUES (3, 27, 0);
INSERT INTO property_group_property(property_group_id, property_id, hid) VALUES (3, 28, 1);
INSERT INTO property_group_property(property_group_id, property_id, hid) VALUES (3, 29, 2);
INSERT INTO property_group_property(property_group_id, property_id, hid) VALUES (3, 30, 3);
INSERT INTO property_group_property(property_group_id, property_id, hid) VALUES (3, 31, 4);
INSERT INTO property_group_property(property_group_id, property_id, hid) VALUES (3, 32, 5);
INSERT INTO property_group_property(property_group_id, property_id, hid) VALUES (3, 33, 6);
INSERT INTO property_group_property(property_group_id, property_id, hid) VALUES (3, 34, 7);
INSERT INTO property_group_property(property_group_id, property_id, hid) VALUES (3, 35, 8);
INSERT INTO property_group_property(property_group_id, property_id, hid) VALUES (3, 36, 9);
INSERT INTO property_group_property(property_group_id, property_id, hid) VALUES (3, 37, 10);
INSERT INTO property_group_property(property_group_id, property_id, hid) VALUES (3, 38, 11);
INSERT INTO property_group_property(property_group_id, property_id, hid) VALUES (3, 39, 12);
INSERT INTO property_group_property(property_group_id, property_id, hid) VALUES (3, 40, 13);
INSERT INTO property_group_property(property_group_id, property_id, hid) VALUES (3, 41, 14);
INSERT INTO property_group_property(property_group_id, property_id, hid) VALUES (3, 42, 15);
INSERT INTO property_group_property(property_group_id, property_id, hid) VALUES (3, 43, 16);
INSERT INTO property_group_property(property_group_id, property_id, hid) VALUES (3, 44, 17);
INSERT INTO property_group_property(property_group_id, property_id, hid) VALUES (3, 45, 18);
INSERT INTO property_group_property(property_group_id, property_id, hid) VALUES (3, 46, 19);
INSERT INTO property_group_property(property_group_id, property_id, hid) VALUES (3, 47, 20);
INSERT INTO property_group_property(property_group_id, property_id, hid) VALUES (3, 48, 21);
INSERT INTO property_group_property(property_group_id, property_id, hid) VALUES (3, 49, 22);
INSERT INTO property_group_property(property_group_id, property_id, hid) VALUES (3, 50, 23);
INSERT INTO property_group_property(property_group_id, property_id, hid) VALUES (24, 152, 0);
INSERT INTO property_group_property(property_group_id, property_id, hid) VALUES (11, 105, 0);
INSERT INTO property_group_property(property_group_id, property_id, hid) VALUES (5, 52, 0);
INSERT INTO property_group_property(property_group_id, property_id, hid) VALUES (11, 106, 1);
INSERT INTO property_group_property(property_group_id, property_id, hid) VALUES (11, 107, 2);
INSERT INTO property_group_property(property_group_id, property_id, hid) VALUES (11, 108, 3);
INSERT INTO property_group_property(property_group_id, property_id, hid) VALUES (11, 109, 4);
INSERT INTO property_group_property(property_group_id, property_id, hid) VALUES (11, 110, 5);
INSERT INTO property_group_property(property_group_id, property_id, hid) VALUES (11, 111, 6);
INSERT INTO property_group_property(property_group_id, property_id, hid) VALUES (11, 112, 7);
INSERT INTO property_group_property(property_group_id, property_id, hid) VALUES (11, 113, 8);
INSERT INTO property_group_property(property_group_id, property_id, hid) VALUES (11, 114, 9);
INSERT INTO property_group_property(property_group_id, property_id, hid) VALUES (11, 115, 10);
INSERT INTO property_group_property(property_group_id, property_id, hid) VALUES (11, 116, 11);
INSERT INTO property_group_property(property_group_id, property_id, hid) VALUES (12, 117, 0);
INSERT INTO property_group_property(property_group_id, property_id, hid) VALUES (16, 125, 0);
INSERT INTO property_group_property(property_group_id, property_id, hid) VALUES (16, 126, 1);
INSERT INTO property_group_property(property_group_id, property_id, hid) VALUES (16, 127, 2);
INSERT INTO property_group_property(property_group_id, property_id, hid) VALUES (17, 128, 0);
INSERT INTO property_group_property(property_group_id, property_id, hid) VALUES (17, 129, 1);
INSERT INTO property_group_property(property_group_id, property_id, hid) VALUES (17, 130, 2);
INSERT INTO property_group_property(property_group_id, property_id, hid) VALUES (17, 131, 3);
INSERT INTO property_group_property(property_group_id, property_id, hid) VALUES (17, 132, 4);
INSERT INTO property_group_property(property_group_id, property_id, hid) VALUES (17, 133, 5);
INSERT INTO property_group_property(property_group_id, property_id, hid) VALUES (19, 137, 0);
INSERT INTO property_group_property(property_group_id, property_id, hid) VALUES (19, 138, 1);
INSERT INTO property_group_property(property_group_id, property_id, hid) VALUES (19, 139, 2);
INSERT INTO property_group_property(property_group_id, property_id, hid) VALUES (14, 122, 0);
INSERT INTO property_group_property(property_group_id, property_id, hid) VALUES (2, 2, 0);
INSERT INTO property_group_property(property_group_id, property_id, hid) VALUES (2, 3, 1);
INSERT INTO property_group_property(property_group_id, property_id, hid) VALUES (2, 4, 2);
INSERT INTO property_group_property(property_group_id, property_id, hid) VALUES (2, 5, 3);
INSERT INTO property_group_property(property_group_id, property_id, hid) VALUES (2, 6, 4);
INSERT INTO property_group_property(property_group_id, property_id, hid) VALUES (2, 7, 5);
INSERT INTO property_group_property(property_group_id, property_id, hid) VALUES (2, 8, 6);
INSERT INTO property_group_property(property_group_id, property_id, hid) VALUES (2, 9, 7);
INSERT INTO property_group_property(property_group_id, property_id, hid) VALUES (2, 10, 8);
INSERT INTO property_group_property(property_group_id, property_id, hid) VALUES (2, 11, 9);
INSERT INTO property_group_property(property_group_id, property_id, hid) VALUES (2, 12, 10);
INSERT INTO property_group_property(property_group_id, property_id, hid) VALUES (2, 13, 11);
INSERT INTO property_group_property(property_group_id, property_id, hid) VALUES (2, 14, 12);
INSERT INTO property_group_property(property_group_id, property_id, hid) VALUES (2, 15, 13);
INSERT INTO property_group_property(property_group_id, property_id, hid) VALUES (2, 16, 14);
INSERT INTO property_group_property(property_group_id, property_id, hid) VALUES (2, 17, 15);
INSERT INTO property_group_property(property_group_id, property_id, hid) VALUES (2, 18, 16);
INSERT INTO property_group_property(property_group_id, property_id, hid) VALUES (2, 19, 17);
INSERT INTO property_group_property(property_group_id, property_id, hid) VALUES (2, 20, 18);
INSERT INTO property_group_property(property_group_id, property_id, hid) VALUES (2, 21, 19);
INSERT INTO property_group_property(property_group_id, property_id, hid) VALUES (2, 22, 20);
INSERT INTO property_group_property(property_group_id, property_id, hid) VALUES (2, 23, 21);
INSERT INTO property_group_property(property_group_id, property_id, hid) VALUES (2, 24, 22);
INSERT INTO property_group_property(property_group_id, property_id, hid) VALUES (2, 25, 23);
INSERT INTO property_group_property(property_group_id, property_id, hid) VALUES (2, 26, 24);
INSERT INTO property_group_property(property_group_id, property_id, hid) VALUES (4, 51, 0);
INSERT INTO property_group_property(property_group_id, property_id, hid) VALUES (13, 118, 0);
INSERT INTO property_group_property(property_group_id, property_id, hid) VALUES (13, 119, 1);
INSERT INTO property_group_property(property_group_id, property_id, hid) VALUES (13, 120, 2);
INSERT INTO property_group_property(property_group_id, property_id, hid) VALUES (13, 121, 3);
INSERT INTO property_group_property(property_group_id, property_id, hid) VALUES (15, 123, 0);
INSERT INTO property_group_property(property_group_id, property_id, hid) VALUES (15, 124, 1);
INSERT INTO property_group_property(property_group_id, property_id, hid) VALUES (21, 145, 0);
INSERT INTO property_group_property(property_group_id, property_id, hid) VALUES (21, 146, 1);
INSERT INTO property_group_property(property_group_id, property_id, hid) VALUES (21, 147, 2);
INSERT INTO property_group_property(property_group_id, property_id, hid) VALUES (18, 134, 0);
INSERT INTO property_group_property(property_group_id, property_id, hid) VALUES (18, 135, 1);
INSERT INTO property_group_property(property_group_id, property_id, hid) VALUES (18, 136, 2);
INSERT INTO property_group_property(property_group_id, property_id, hid) VALUES (20, 140, 0);
INSERT INTO property_group_property(property_group_id, property_id, hid) VALUES (20, 141, 1);
INSERT INTO property_group_property(property_group_id, property_id, hid) VALUES (20, 142, 2);
INSERT INTO property_group_property(property_group_id, property_id, hid) VALUES (20, 143, 3);
INSERT INTO property_group_property(property_group_id, property_id, hid) VALUES (20, 144, 4);
INSERT INTO property_group_property(property_group_id, property_id, hid) VALUES (22, 148, 0);
INSERT INTO property_group_property(property_group_id, property_id, hid) VALUES (7, 65, 0);
INSERT INTO property_group_property(property_group_id, property_id, hid) VALUES (7, 66, 1);
INSERT INTO property_group_property(property_group_id, property_id, hid) VALUES (6, 53, 0);
INSERT INTO property_group_property(property_group_id, property_id, hid) VALUES (6, 54, 1);
INSERT INTO property_group_property(property_group_id, property_id, hid) VALUES (6, 55, 2);
INSERT INTO property_group_property(property_group_id, property_id, hid) VALUES (6, 56, 3);
INSERT INTO property_group_property(property_group_id, property_id, hid) VALUES (6, 57, 4);
INSERT INTO property_group_property(property_group_id, property_id, hid) VALUES (6, 58, 5);
INSERT INTO property_group_property(property_group_id, property_id, hid) VALUES (6, 59, 6);
INSERT INTO property_group_property(property_group_id, property_id, hid) VALUES (6, 60, 7);
INSERT INTO property_group_property(property_group_id, property_id, hid) VALUES (6, 61, 8);
INSERT INTO property_group_property(property_group_id, property_id, hid) VALUES (6, 62, 9);
INSERT INTO property_group_property(property_group_id, property_id, hid) VALUES (6, 63, 10);
INSERT INTO property_group_property(property_group_id, property_id, hid) VALUES (6, 64, 11);
INSERT INTO property_group_property(property_group_id, property_id, hid) VALUES (8, 67, 0);
INSERT INTO property_group_property(property_group_id, property_id, hid) VALUES (8, 68, 1);
INSERT INTO property_group_property(property_group_id, property_id, hid) VALUES (8, 69, 2);
INSERT INTO property_group_property(property_group_id, property_id, hid) VALUES (8, 70, 3);
INSERT INTO property_group_property(property_group_id, property_id, hid) VALUES (8, 71, 4);
INSERT INTO property_group_property(property_group_id, property_id, hid) VALUES (8, 72, 5);
INSERT INTO property_group_property(property_group_id, property_id, hid) VALUES (23, 151, 0);
INSERT INTO property_group_property(property_group_id, property_id, hid) VALUES (9, 73, 0);
INSERT INTO property_group_property(property_group_id, property_id, hid) VALUES (9, 74, 1);
INSERT INTO property_group_property(property_group_id, property_id, hid) VALUES (9, 75, 2);
INSERT INTO property_group_property(property_group_id, property_id, hid) VALUES (9, 76, 3);
INSERT INTO property_group_property(property_group_id, property_id, hid) VALUES (9, 77, 4);
INSERT INTO property_group_property(property_group_id, property_id, hid) VALUES (9, 78, 5);
INSERT INTO property_group_property(property_group_id, property_id, hid) VALUES (9, 79, 6);
INSERT INTO property_group_property(property_group_id, property_id, hid) VALUES (9, 80, 7);
INSERT INTO property_group_property(property_group_id, property_id, hid) VALUES (9, 81, 8);
INSERT INTO property_group_property(property_group_id, property_id, hid) VALUES (9, 82, 9);
INSERT INTO property_group_property(property_group_id, property_id, hid) VALUES (9, 83, 10);
INSERT INTO property_group_property(property_group_id, property_id, hid) VALUES (9, 84, 11);
INSERT INTO property_group_property(property_group_id, property_id, hid) VALUES (9, 85, 12);
INSERT INTO property_group_property(property_group_id, property_id, hid) VALUES (9, 86, 13);
INSERT INTO property_group_property(property_group_id, property_id, hid) VALUES (9, 87, 14);
INSERT INTO property_group_property(property_group_id, property_id, hid) VALUES (9, 88, 15);
INSERT INTO property_group_property(property_group_id, property_id, hid) VALUES (10, 89, 0);
INSERT INTO property_group_property(property_group_id, property_id, hid) VALUES (10, 90, 1);
INSERT INTO property_group_property(property_group_id, property_id, hid) VALUES (10, 91, 2);
INSERT INTO property_group_property(property_group_id, property_id, hid) VALUES (10, 92, 3);
INSERT INTO property_group_property(property_group_id, property_id, hid) VALUES (10, 93, 4);
INSERT INTO property_group_property(property_group_id, property_id, hid) VALUES (10, 94, 5);
INSERT INTO property_group_property(property_group_id, property_id, hid) VALUES (10, 95, 6);
INSERT INTO property_group_property(property_group_id, property_id, hid) VALUES (10, 96, 7);
INSERT INTO property_group_property(property_group_id, property_id, hid) VALUES (10, 97, 8);
INSERT INTO property_group_property(property_group_id, property_id, hid) VALUES (10, 98, 9);
INSERT INTO property_group_property(property_group_id, property_id, hid) VALUES (10, 99, 10);
INSERT INTO property_group_property(property_group_id, property_id, hid) VALUES (10, 100, 11);
INSERT INTO property_group_property(property_group_id, property_id, hid) VALUES (10, 101, 12);
INSERT INTO property_group_property(property_group_id, property_id, hid) VALUES (10, 102, 13);
INSERT INTO property_group_property(property_group_id, property_id, hid) VALUES (10, 103, 14);
INSERT INTO property_group_property(property_group_id, property_id, hid) VALUES (10, 104, 15);
INSERT INTO property_group_property(property_group_id, property_id, hid) VALUES (22, 149, 1);
INSERT INTO property_group_property(property_group_id, property_id, hid) VALUES (22, 150, 2);
INSERT INTO property_type(hid, id, name, description, label) VALUES (1, '', 'script', null, '');
INSERT INTO property_type(hid, id, name, description, label) VALUES (2, '', 'Number', null, '');
INSERT INTO property_type(hid, id, name, description, label) VALUES (3, '', 'Number', null, '');
INSERT INTO property_type(hid, id, name, description, label) VALUES (4, '', 'Number', null, '');
INSERT INTO property_type(hid, id, name, description, label) VALUES (5, '', 'Number', null, '');
INSERT INTO property_type(hid, id, name, description, label) VALUES (6, '', 'Selection', null, '');
INSERT INTO property_type(hid, id, name, description, label) VALUES (7, '', 'Number', null, '');
INSERT INTO property_type(hid, id, name, description, label) VALUES (8, '', 'Number', null, '');
INSERT INTO property_type(hid, id, name, description, label) VALUES (9, '', 'Number', null, '');
INSERT INTO property_type(hid, id, name, description, label) VALUES (10, '', 'Number', null, '');
INSERT INTO property_type(hid, id, name, description, label) VALUES (11, '', 'Flag', null, '');
INSERT INTO property_type(hid, id, name, description, label) VALUES (12, '', 'Flag', null, '');
INSERT INTO property_type(hid, id, name, description, label) VALUES (13, '', 'Selection', null, '');
INSERT INTO property_type(hid, id, name, description, label) VALUES (14, '', 'Number', null, '');
INSERT INTO property_type(hid, id, name, description, label) VALUES (15, '', 'Number', null, '');
INSERT INTO property_type(hid, id, name, description, label) VALUES (16, '', 'Number', null, '');
INSERT INTO property_type(hid, id, name, description, label) VALUES (17, '', 'Number', null, '');
INSERT INTO property_type(hid, id, name, description, label) VALUES (18, '', 'Number', null, '');
INSERT INTO property_type(hid, id, name, description, label) VALUES (19, '', 'Number', null, '');
INSERT INTO property_type(hid, id, name, description, label) VALUES (20, '', 'Number', null, '');
INSERT INTO property_type(hid, id, name, description, label) VALUES (21, '', 'Number', null, '');
INSERT INTO property_type(hid, id, name, description, label) VALUES (22, '', 'Number', null, '');
INSERT INTO property_type(hid, id, name, description, label) VALUES (23, '', 'Flag', null, '');
INSERT INTO property_type(hid, id, name, description, label) VALUES (24, '', 'Flag', null, '');
INSERT INTO property_type(hid, id, name, description, label) VALUES (25, '', 'Number', null, '');
INSERT INTO property_type(hid, id, name, description, label) VALUES (26, '', 'script', null, '');
INSERT INTO property_type(hid, id, name, description, label) VALUES (27, '', 'Number', null, '');
INSERT INTO property_type(hid, id, name, description, label) VALUES (28, '', 'Number', null, '');
INSERT INTO property_type(hid, id, name, description, label) VALUES (29, '', 'Number', null, '');
INSERT INTO property_type(hid, id, name, description, label) VALUES (30, '', 'Number', null, '');
INSERT INTO property_type(hid, id, name, description, label) VALUES (31, '', 'Selection', null, '');
INSERT INTO property_type(hid, id, name, description, label) VALUES (32, '', 'Number', null, '');
INSERT INTO property_type(hid, id, name, description, label) VALUES (33, '', 'Number', null, '');
INSERT INTO property_type(hid, id, name, description, label) VALUES (34, '', 'Number', null, '');
INSERT INTO property_type(hid, id, name, description, label) VALUES (35, '', 'Number', null, '');
INSERT INTO property_type(hid, id, name, description, label) VALUES (36, '', 'Flag', null, '');
INSERT INTO property_type(hid, id, name, description, label) VALUES (37, '', 'Flag', null, '');
INSERT INTO property_type(hid, id, name, description, label) VALUES (38, '', 'Selection', null, '');
INSERT INTO property_type(hid, id, name, description, label) VALUES (39, '', 'Number', null, '');
INSERT INTO property_type(hid, id, name, description, label) VALUES (40, '', 'Number', null, '');
INSERT INTO property_type(hid, id, name, description, label) VALUES (41, '', 'Number', null, '');
INSERT INTO property_type(hid, id, name, description, label) VALUES (42, '', 'Number', null, '');
INSERT INTO property_type(hid, id, name, description, label) VALUES (43, '', 'Number', null, '');
INSERT INTO property_type(hid, id, name, description, label) VALUES (44, '', 'Number', null, '');
INSERT INTO property_type(hid, id, name, description, label) VALUES (45, '', 'Number', null, '');
INSERT INTO property_type(hid, id, name, description, label) VALUES (46, '', 'Number', null, '');
INSERT INTO property_type(hid, id, name, description, label) VALUES (47, '', 'Number', null, '');
INSERT INTO property_type(hid, id, name, description, label) VALUES (48, '', 'Flag', null, '');
INSERT INTO property_type(hid, id, name, description, label) VALUES (49, '', 'Flag', null, '');
INSERT INTO property_type(hid, id, name, description, label) VALUES (50, '', 'script', null, '');
INSERT INTO property_type(hid, id, name, description, label) VALUES (51, '', 'script', null, '');
INSERT INTO property_type(hid, id, name, description, label) VALUES (52, '', 'script', null, '');
INSERT INTO property_type(hid, id, name, description, label) VALUES (53, '', 'Number', null, '');
INSERT INTO property_type(hid, id, name, description, label) VALUES (54, '', 'Number', null, '');
INSERT INTO property_type(hid, id, name, description, label) VALUES (55, '', 'XBasePairs', null, '');
INSERT INTO property_type(hid, id, name, description, label) VALUES (56, '', 'Number', null, '');
INSERT INTO property_type(hid, id, name, description, label) VALUES (57, '', 'Number', null, '');
INSERT INTO property_type(hid, id, name, description, label) VALUES (58, '', 'Number', null, '');
INSERT INTO property_type(hid, id, name, description, label) VALUES (59, '', 'ValueSelection', null, '');
INSERT INTO property_type(hid, id, name, description, label) VALUES (60, '', 'mode', null, '');
INSERT INTO property_type(hid, id, name, description, label) VALUES (61, '', 'Number', null, '');
INSERT INTO property_type(hid, id, name, description, label) VALUES (62, '', 'Number', null, '');
INSERT INTO property_type(hid, id, name, description, label) VALUES (63, '', 'Number', null, '');
INSERT INTO property_type(hid, id, name, description, label) VALUES (64, '', 'script', null, '');
INSERT INTO property_type(hid, id, name, description, label) VALUES (65, '', 'QuotedText', null, '');
INSERT INTO property_type(hid, id, name, description, label) VALUES (66, '', 'script', null, '');
INSERT INTO property_type(hid, id, name, description, label) VALUES (67, '', 'Number', null, '');
INSERT INTO property_type(hid, id, name, description, label) VALUES (68, '', 'Number', null, '');
INSERT INTO property_type(hid, id, name, description, label) VALUES (69, '', 'Number', null, '');
INSERT INTO property_type(hid, id, name, description, label) VALUES (70, '', 'ValueSelection', null, '');
INSERT INTO property_type(hid, id, name, description, label) VALUES (71, '', 'Text', null, '');
INSERT INTO property_type(hid, id, name, description, label) VALUES (72, '', 'script', null, '');
INSERT INTO property_type(hid, id, name, description, label) VALUES (73, '', 'Number', null, '');
INSERT INTO property_type(hid, id, name, description, label) VALUES (74, '', 'Number', null, '');
INSERT INTO property_type(hid, id, name, description, label) VALUES (75, '', 'Number', null, '');
INSERT INTO property_type(hid, id, name, description, label) VALUES (76, '', 'Number', null, '');
INSERT INTO property_type(hid, id, name, description, label) VALUES (77, '', 'Number', null, '');
INSERT INTO property_type(hid, id, name, description, label) VALUES (78, '', 'NUmber', null, '');
INSERT INTO property_type(hid, id, name, description, label) VALUES (79, '', 'Number', null, '');
INSERT INTO property_type(hid, id, name, description, label) VALUES (80, '', 'Number', null, '');
INSERT INTO property_type(hid, id, name, description, label) VALUES (81, '', 'Number', null, '');
INSERT INTO property_type(hid, id, name, description, label) VALUES (82, '', 'Number', null, '');
INSERT INTO property_type(hid, id, name, description, label) VALUES (83, '', 'Number', null, '');
INSERT INTO property_type(hid, id, name, description, label) VALUES (84, '', 'Flag', null, '');
INSERT INTO property_type(hid, id, name, description, label) VALUES (85, '', 'Text', null, '');
INSERT INTO property_type(hid, id, name, description, label) VALUES (86, '', 'Flag', null, '');
INSERT INTO property_type(hid, id, name, description, label) VALUES (87, '', 'Number', null, '');
INSERT INTO property_type(hid, id, name, description, label) VALUES (88, '', 'script', null, '');
INSERT INTO property_type(hid, id, name, description, label) VALUES (89, '', 'Number', null, '');
INSERT INTO property_type(hid, id, name, description, label) VALUES (90, '', 'Number', null, '');
INSERT INTO property_type(hid, id, name, description, label) VALUES (91, '', 'Number', null, '');
INSERT INTO property_type(hid, id, name, description, label) VALUES (92, '', 'Number', null, '');
INSERT INTO property_type(hid, id, name, description, label) VALUES (93, '', 'Number', null, '');
INSERT INTO property_type(hid, id, name, description, label) VALUES (94, '', 'NUmber', null, '');
INSERT INTO property_type(hid, id, name, description, label) VALUES (95, '', 'Number', null, '');
INSERT INTO property_type(hid, id, name, description, label) VALUES (96, '', 'Number', null, '');
INSERT INTO property_type(hid, id, name, description, label) VALUES (97, '', 'Number', null, '');
INSERT INTO property_type(hid, id, name, description, label) VALUES (98, '', 'Number', null, '');
INSERT INTO property_type(hid, id, name, description, label) VALUES (99, '', 'Number', null, '');
INSERT INTO property_type(hid, id, name, description, label) VALUES (100, '', 'Flag', null, '');
INSERT INTO property_type(hid, id, name, description, label) VALUES (101, '', 'Text', null, '');
INSERT INTO property_type(hid, id, name, description, label) VALUES (102, '', 'Flag', null, '');
INSERT INTO property_type(hid, id, name, description, label) VALUES (103, '', 'Number', null, '');
INSERT INTO property_type(hid, id, name, description, label) VALUES (104, '', 'script', null, '');
INSERT INTO property_type(hid, id, name, description, label) VALUES (105, '', 'Number', null, '');
INSERT INTO property_type(hid, id, name, description, label) VALUES (106, '', 'Number', null, '');
INSERT INTO property_type(hid, id, name, description, label) VALUES (107, '', 'Number', null, '');
INSERT INTO property_type(hid, id, name, description, label) VALUES (108, '', 'Number', null, '');
INSERT INTO property_type(hid, id, name, description, label) VALUES (109, '', 'Number', null, '');
INSERT INTO property_type(hid, id, name, description, label) VALUES (110, '', 'Flag', null, '');
INSERT INTO property_type(hid, id, name, description, label) VALUES (111, '', 'Number', null, '');
INSERT INTO property_type(hid, id, name, description, label) VALUES (112, '', 'Number', null, '');
INSERT INTO property_type(hid, id, name, description, label) VALUES (113, '', 'Number', null, '');
INSERT INTO property_type(hid, id, name, description, label) VALUES (114, '', 'Number', null, '');
INSERT INTO property_type(hid, id, name, description, label) VALUES (115, '', 'Number', null, '');
INSERT INTO property_type(hid, id, name, description, label) VALUES (116, '', 'Selection', null, '');
INSERT INTO property_type(hid, id, name, description, label) VALUES (117, '', 'Text', null, '');
INSERT INTO property_type(hid, id, name, description, label) VALUES (118, '', 'Info', null, '');
INSERT INTO property_type(hid, id, name, description, label) VALUES (119, '', 'Flag', null, '');
INSERT INTO property_type(hid, id, name, description, label) VALUES (120, '', 'Flag', null, '');
INSERT INTO property_type(hid, id, name, description, label) VALUES (121, '', 'script', null, '');
INSERT INTO property_type(hid, id, name, description, label) VALUES (122, '', 'Text', null, '');
INSERT INTO property_type(hid, id, name, description, label) VALUES (123, '', 'selection', null, '');
INSERT INTO property_type(hid, id, name, description, label) VALUES (124, '', 'script', null, '');
INSERT INTO property_type(hid, id, name, description, label) VALUES (125, '', 'Number', null, '');
INSERT INTO property_type(hid, id, name, description, label) VALUES (126, '', 'Text', null, '');
INSERT INTO property_type(hid, id, name, description, label) VALUES (127, '', 'script', null, '');
INSERT INTO property_type(hid, id, name, description, label) VALUES (128, '', 'Info', null, '');
INSERT INTO property_type(hid, id, name, description, label) VALUES (129, '', 'BarcodeSelector', null, '');
INSERT INTO property_type(hid, id, name, description, label) VALUES (130, '', 'Number', null, '');
INSERT INTO property_type(hid, id, name, description, label) VALUES (131, '', 'script', null, '');
INSERT INTO property_type(hid, id, name, description, label) VALUES (132, '', 'Text', null, '');
INSERT INTO property_type(hid, id, name, description, label) VALUES (133, '', 'Text', null, '');
INSERT INTO property_type(hid, id, name, description, label) VALUES (134, '', 'Info', null, '');
INSERT INTO property_type(hid, id, name, description, label) VALUES (135, '', 'Selection', null, '');
INSERT INTO property_type(hid, id, name, description, label) VALUES (136, '', 'script', null, '');
INSERT INTO property_type(hid, id, name, description, label) VALUES (137, '', 'Info', null, '');
INSERT INTO property_type(hid, id, name, description, label) VALUES (138, '', 'Number', null, '');
INSERT INTO property_type(hid, id, name, description, label) VALUES (139, '', 'Number', null, '');
INSERT INTO property_type(hid, id, name, description, label) VALUES (140, '', 'Info', null, '');
INSERT INTO property_type(hid, id, name, description, label) VALUES (141, '', 'ClipperSelector', null, '');
INSERT INTO property_type(hid, id, name, description, label) VALUES (142, '', 'Number', null, '');
INSERT INTO property_type(hid, id, name, description, label) VALUES (143, '', 'Flag', null, '');
INSERT INTO property_type(hid, id, name, description, label) VALUES (144, '', 'Selection', null, '');
INSERT INTO property_type(hid, id, name, description, label) VALUES (145, '', 'Info', null, '');
INSERT INTO property_type(hid, id, name, description, label) VALUES (146, '', 'Number', null, '');
INSERT INTO property_type(hid, id, name, description, label) VALUES (147, '', 'Number', null, '');
INSERT INTO property_type(hid, id, name, description, label) VALUES (148, '', 'Info', null, '');
INSERT INTO property_type(hid, id, name, description, label) VALUES (149, '', 'TNRSFileSelector', null, '');
INSERT INTO property_type(hid, id, name, description, label) VALUES (150, '', 'Flag', null, '');
INSERT INTO property_type(hid, id, name, description, label) VALUES (151, '', 'script', null, '');
INSERT INTO property_type(hid, id, name, description, label) VALUES (152, '', 'script', null, '');
INSERT INTO rule(hid, id, name, description, label, rule_type) VALUES (1, '', 'IntAbove', null, 'IntAbove', 1);
INSERT INTO rule(hid, id, name, description, label, rule_type) VALUES (2, '', 'IntAbove', null, 'IntAbove', 2);
INSERT INTO rule(hid, id, name, description, label, rule_type) VALUES (3, '', 'IntAbove', null, 'IntAbove', 3);
INSERT INTO rule(hid, id, name, description, label, rule_type) VALUES (4, '', 'IntAbove', null, 'IntAbove', 4);
INSERT INTO rule(hid, id, name, description, label, rule_type) VALUES (5, '', 'MustContain', null, 'MustContain', 5);
INSERT INTO rule(hid, id, name, description, label, rule_type) VALUES (6, '', 'DoubleRange', null, 'DoubleRange', 6);
INSERT INTO rule(hid, id, name, description, label, rule_type) VALUES (7, '', 'IntRange', null, 'IntRange', 7);
INSERT INTO rule(hid, id, name, description, label, rule_type) VALUES (8, '', 'IntRange', null, 'IntRange', 8);
INSERT INTO rule(hid, id, name, description, label, rule_type) VALUES (9, '', 'DoubleRange', null, 'DoubleRange', 9);
INSERT INTO rule(hid, id, name, description, label, rule_type) VALUES (10, '', 'MustContain', null, 'MustContain', 10);
INSERT INTO rule(hid, id, name, description, label, rule_type) VALUES (11, '', 'IntAbove', null, 'IntAbove', 11);
INSERT INTO rule(hid, id, name, description, label, rule_type) VALUES (12, '', 'IntAbove', null, 'IntAbove', 12);
INSERT INTO rule(hid, id, name, description, label, rule_type) VALUES (13, '', 'IntAbove', null, 'IntAbove', 13);
INSERT INTO rule(hid, id, name, description, label, rule_type) VALUES (14, '', 'IntAbove', null, 'IntAbove', 14);
INSERT INTO rule(hid, id, name, description, label, rule_type) VALUES (15, '', 'IntAbove', null, 'IntAbove', 15);
INSERT INTO rule(hid, id, name, description, label, rule_type) VALUES (16, '', 'IntAbove', null, 'IntAbove', 16);
INSERT INTO rule(hid, id, name, description, label, rule_type) VALUES (17, '', 'IntAbove', null, 'IntAbove', 17);
INSERT INTO rule(hid, id, name, description, label, rule_type) VALUES (18, '', 'IntAbove', null, 'IntAbove', 18);
INSERT INTO rule(hid, id, name, description, label, rule_type) VALUES (19, '', 'IntAbove', null, 'IntAbove', 19);
INSERT INTO rule(hid, id, name, description, label, rule_type) VALUES (20, '', 'IntAbove', null, 'IntAbove', 20);
INSERT INTO rule(hid, id, name, description, label, rule_type) VALUES (21, '', 'IntAbove', null, 'IntAbove', 21);
INSERT INTO rule(hid, id, name, description, label, rule_type) VALUES (22, '', 'IntAbove', null, 'IntAbove', 22);
INSERT INTO rule(hid, id, name, description, label, rule_type) VALUES (23, '', 'IntAbove', null, 'IntAbove', 23);
INSERT INTO rule(hid, id, name, description, label, rule_type) VALUES (24, '', 'MustContain', null, 'MustContain', 24);
INSERT INTO rule(hid, id, name, description, label, rule_type) VALUES (25, '', 'DoubleRange', null, 'DoubleRange', 25);
INSERT INTO rule(hid, id, name, description, label, rule_type) VALUES (26, '', 'IntRange', null, 'IntRange', 26);
INSERT INTO rule(hid, id, name, description, label, rule_type) VALUES (27, '', 'IntRange', null, 'IntRange', 27);
INSERT INTO rule(hid, id, name, description, label, rule_type) VALUES (28, '', 'DoubleRange', null, 'DoubleRange', 28);
INSERT INTO rule(hid, id, name, description, label, rule_type) VALUES (29, '', 'MustContain', null, 'MustContain', 29);
INSERT INTO rule(hid, id, name, description, label, rule_type) VALUES (30, '', 'IntAbove', null, 'IntAbove', 30);
INSERT INTO rule(hid, id, name, description, label, rule_type) VALUES (31, '', 'IntAbove', null, 'IntAbove', 31);
INSERT INTO rule(hid, id, name, description, label, rule_type) VALUES (32, '', 'IntAbove', null, 'IntAbove', 32);
INSERT INTO rule(hid, id, name, description, label, rule_type) VALUES (33, '', 'IntAbove', null, 'IntAbove', 33);
INSERT INTO rule(hid, id, name, description, label, rule_type) VALUES (34, '', 'IntAbove', null, 'IntAbove', 34);
INSERT INTO rule(hid, id, name, description, label, rule_type) VALUES (35, '', 'IntAbove', null, 'IntAbove', 35);
INSERT INTO rule(hid, id, name, description, label, rule_type) VALUES (36, '', 'IntAbove', null, 'IntAbove', 36);
INSERT INTO rule(hid, id, name, description, label, rule_type) VALUES (37, '', 'IntAbove', null, 'IntAbove', 37);
INSERT INTO rule(hid, id, name, description, label, rule_type) VALUES (38, '', 'IntAbove', null, 'IntAbove', 38);
INSERT INTO rule(hid, id, name, description, label, rule_type) VALUES (39, '', 'IntRange', null, 'IntRange', 39);
INSERT INTO rule(hid, id, name, description, label, rule_type) VALUES (40, '', 'IntRange', null, 'IntRange', 40);
INSERT INTO rule(hid, id, name, description, label, rule_type) VALUES (41, '', 'IntAbove', null, 'IntAbove', 41);
INSERT INTO rule(hid, id, name, description, label, rule_type) VALUES (42, '', 'IntAbove', null, 'IntAbove', 42);
INSERT INTO rule(hid, id, name, description, label, rule_type) VALUES (43, '', 'IntAbove', null, 'IntAbove', 43);
INSERT INTO rule(hid, id, name, description, label, rule_type) VALUES (44, '', 'IntAbove', null, 'IntAbove', 44);
INSERT INTO rule(hid, id, name, description, label, rule_type) VALUES (45, '', 'MustContain', null, 'MustContain', 45);
INSERT INTO rule(hid, id, name, description, label, rule_type) VALUES (46, '', 'DoubleRange', null, 'DoubleRange', 46);
INSERT INTO rule(hid, id, name, description, label, rule_type) VALUES (47, '', 'IntRange', null, 'IntRange', 47);
INSERT INTO rule(hid, id, name, description, label, rule_type) VALUES (48, '', 'DoubleRange', null, 'DoubleRange', 48);
INSERT INTO rule(hid, id, name, description, label, rule_type) VALUES (49, '', 'MustContain', null, 'MustContain', 49);
INSERT INTO rule(hid, id, name, description, label, rule_type) VALUES (50, '', 'IntAbove', null, 'IntAbove', 50);
INSERT INTO rule(hid, id, name, description, label, rule_type) VALUES (51, '', 'DoubleRange', null, 'DoubleRange', 51);
INSERT INTO rule(hid, id, name, description, label, rule_type) VALUES (52, '', 'DoubleRange', null, 'DoubleRange', 52);
INSERT INTO rule(hid, id, name, description, label, rule_type) VALUES (53, '', 'IntRange', null, 'IntRange', 53);
INSERT INTO rule(hid, id, name, description, label, rule_type) VALUES (54, '', 'IntAbove', null, 'IntAbove', 54);
INSERT INTO rule(hid, id, name, description, label, rule_type) VALUES (55, '', 'DoubleRange', null, 'DoubleRange', 55);
INSERT INTO rule(hid, id, name, description, label, rule_type) VALUES (56, '', 'DoubleRange', null, 'DoubleRange', 56);
INSERT INTO rule(hid, id, name, description, label, rule_type) VALUES (57, '', 'IntAbove', null, 'IntAbove', 57);
INSERT INTO rule(hid, id, name, description, label, rule_type) VALUES (58, '', 'IntAbove', null, 'IntAbove', 58);
INSERT INTO rule(hid, id, name, description, label, rule_type) VALUES (59, '', 'IntAbove', null, 'IntAbove', 59);
INSERT INTO rule(hid, id, name, description, label, rule_type) VALUES (60, '', 'MustContain', null, 'MustContain', 60);
INSERT INTO rule(hid, id, name, description, label, rule_type) VALUES (61, '', 'DoubleRange', null, 'DoubleRange', 61);
INSERT INTO rule(hid, id, name, description, label, rule_type) VALUES (62, '', 'IntRange', null, 'IntRange', 62);
INSERT INTO rule(hid, id, name, description, label, rule_type) VALUES (63, '', 'MustContain', null, 'MustContain', 63);
INSERT INTO rule(hid, id, name, description, label, rule_type) VALUES (64, '', 'IntRange', null, 'IntRange', 64);
INSERT INTO rule(hid, id, name, description, label, rule_type) VALUES (65, '', 'IntRange', null, 'IntRange', 65);
INSERT INTO rule(hid, id, name, description, label, rule_type) VALUES (66, '', 'IntAbove', null, 'IntAbove', 66);
INSERT INTO rule(hid, id, name, description, label, rule_type) VALUES (67, '', 'MustContain', null, 'MustContain', 67);
INSERT INTO rule(hid, id, name, description, label, rule_type) VALUES (68, '', 'IntAbove', null, 'IntAbove', 68);
INSERT INTO rule(hid, id, name, description, label, rule_type) VALUES (69, '', 'IntBelowField', null, 'IntBelowField', 69);
INSERT INTO rule(hid, id, name, description, label, rule_type) VALUES (70, '', 'IntAbove', null, 'IntAbove', 70);
INSERT INTO rule(hid, id, name, description, label, rule_type) VALUES (71, '', 'IntAboveField', null, 'IntAboveField', 71);
INSERT INTO rule_argument(rule_id, argument_value, hid) VALUES (20, '3', 0);
INSERT INTO rule_argument(rule_id, argument_value, hid) VALUES (21, '-1', 0);
INSERT INTO rule_argument(rule_id, argument_value, hid) VALUES (22, '0', 0);
INSERT INTO rule_argument(rule_id, argument_value, hid) VALUES (23, '0', 0);
INSERT INTO rule_argument(rule_id, argument_value, hid) VALUES (24, 'Input quals are from GA Pipeline ver. < 1.3', 0);
INSERT INTO rule_argument(rule_id, argument_value, hid) VALUES (24, 'Input quals are from GA Pipeline ver. >= 1.3', 1);
INSERT INTO rule_argument(rule_id, argument_value, hid) VALUES (24, 'Qualities are given as space-separated integers', 2);
INSERT INTO rule_argument(rule_id, argument_value, hid) VALUES (25, '0.0', 0);
INSERT INTO rule_argument(rule_id, argument_value, hid) VALUES (25, '1.0', 1);
INSERT INTO rule_argument(rule_id, argument_value, hid) VALUES (26, '1', 0);
INSERT INTO rule_argument(rule_id, argument_value, hid) VALUES (26, '8', 1);
INSERT INTO rule_argument(rule_id, argument_value, hid) VALUES (27, '0', 0);
INSERT INTO rule_argument(rule_id, argument_value, hid) VALUES (27, '10000', 1);
INSERT INTO rule_argument(rule_id, argument_value, hid) VALUES (28, '0.0', 0);
INSERT INTO rule_argument(rule_id, argument_value, hid) VALUES (28, '1.0', 1);
INSERT INTO rule_argument(rule_id, argument_value, hid) VALUES (29, 'Not strand-specific', 0);
INSERT INTO rule_argument(rule_id, argument_value, hid) VALUES (29, 'Rightmost end of fragment is sequenced first.', 1);
INSERT INTO rule_argument(rule_id, argument_value, hid) VALUES (29, 'Leftmost end of fragment is sequenced first.', 2);
INSERT INTO rule_argument(rule_id, argument_value, hid) VALUES (30, '-1', 0);
INSERT INTO rule_argument(rule_id, argument_value, hid) VALUES (31, '0', 0);
INSERT INTO rule_argument(rule_id, argument_value, hid) VALUES (32, '0', 0);
INSERT INTO rule_argument(rule_id, argument_value, hid) VALUES (33, '0', 0);
INSERT INTO rule_argument(rule_id, argument_value, hid) VALUES (34, '0', 0);
INSERT INTO rule_argument(rule_id, argument_value, hid) VALUES (35, '0', 0);
INSERT INTO rule_argument(rule_id, argument_value, hid) VALUES (36, '0', 0);
INSERT INTO rule_argument(rule_id, argument_value, hid) VALUES (37, '0', 0);
INSERT INTO rule_argument(rule_id, argument_value, hid) VALUES (38, '0', 0);
INSERT INTO rule_argument(rule_id, argument_value, hid) VALUES (61, '0.0', 0);
INSERT INTO rule_argument(rule_id, argument_value, hid) VALUES (61, '100.0', 1);
INSERT INTO rule_argument(rule_id, argument_value, hid) VALUES (62, '1', 0);
INSERT INTO rule_argument(rule_id, argument_value, hid) VALUES (62, '100', 1);
INSERT INTO rule_argument(rule_id, argument_value, hid) VALUES (63, 'Convert FASTQ-int format to the standard/Sanger FASTQ', 0);
INSERT INTO rule_argument(rule_id, argument_value, hid) VALUES (63, 'Convert Solexa/Illumina (< 1.3) FASTQ to the standard FASTQ', 1);
INSERT INTO rule_argument(rule_id, argument_value, hid) VALUES (63, 'Convert Solexa/Illumina (>=1.3) FASTQ to the standard FASTQ', 2);
INSERT INTO rule_argument(rule_id, argument_value, hid) VALUES (63, 'Convert FASTA to the standard FASTQ', 3);
INSERT INTO rule_argument(rule_id, argument_value, hid) VALUES (63, 'Convert various FASTQ-like format to FASTA', 4);
INSERT INTO rule_argument(rule_id, argument_value, hid) VALUES (63, 'Convert Solexa export format to Sanger FASTQ', 5);
INSERT INTO rule_argument(rule_id, argument_value, hid) VALUES (63, 'Convert AB SOLiD read format to Sanger FASTQ', 6);
INSERT INTO rule_argument(rule_id, argument_value, hid) VALUES (64, '10', 0);
INSERT INTO rule_argument(rule_id, argument_value, hid) VALUES (64, '60', 1);
INSERT INTO rule_argument(rule_id, argument_value, hid) VALUES (65, '1', 0);
INSERT INTO rule_argument(rule_id, argument_value, hid) VALUES (65, '100', 1);
INSERT INTO rule_argument(rule_id, argument_value, hid) VALUES (1, '3', 0);
INSERT INTO rule_argument(rule_id, argument_value, hid) VALUES (2, '-1', 0);
INSERT INTO rule_argument(rule_id, argument_value, hid) VALUES (3, '0', 0);
INSERT INTO rule_argument(rule_id, argument_value, hid) VALUES (4, '0', 0);
INSERT INTO rule_argument(rule_id, argument_value, hid) VALUES (5, 'Input quals are from GA Pipeline ver. < 1.3', 0);
INSERT INTO rule_argument(rule_id, argument_value, hid) VALUES (5, 'Input quals are from GA Pipeline ver. >= 1.3', 1);
INSERT INTO rule_argument(rule_id, argument_value, hid) VALUES (5, 'Qualities are given as space-separated integers', 2);
INSERT INTO rule_argument(rule_id, argument_value, hid) VALUES (6, '0.0', 0);
INSERT INTO rule_argument(rule_id, argument_value, hid) VALUES (6, '1.0', 1);
INSERT INTO rule_argument(rule_id, argument_value, hid) VALUES (7, '1', 0);
INSERT INTO rule_argument(rule_id, argument_value, hid) VALUES (7, '8', 1);
INSERT INTO rule_argument(rule_id, argument_value, hid) VALUES (8, '0', 0);
INSERT INTO rule_argument(rule_id, argument_value, hid) VALUES (8, '10000', 1);
INSERT INTO rule_argument(rule_id, argument_value, hid) VALUES (9, '0.0', 0);
INSERT INTO rule_argument(rule_id, argument_value, hid) VALUES (9, '1.0', 1);
INSERT INTO rule_argument(rule_id, argument_value, hid) VALUES (10, 'Not strand-specific', 0);
INSERT INTO rule_argument(rule_id, argument_value, hid) VALUES (10, 'Rightmost end of fragment is sequenced first.', 1);
INSERT INTO rule_argument(rule_id, argument_value, hid) VALUES (10, 'Leftmost end of fragment is sequenced first.', 2);
INSERT INTO rule_argument(rule_id, argument_value, hid) VALUES (11, '-1', 0);
INSERT INTO rule_argument(rule_id, argument_value, hid) VALUES (12, '0', 0);
INSERT INTO rule_argument(rule_id, argument_value, hid) VALUES (13, '0', 0);
INSERT INTO rule_argument(rule_id, argument_value, hid) VALUES (14, '0', 0);
INSERT INTO rule_argument(rule_id, argument_value, hid) VALUES (15, '0', 0);
INSERT INTO rule_argument(rule_id, argument_value, hid) VALUES (16, '0', 0);
INSERT INTO rule_argument(rule_id, argument_value, hid) VALUES (17, '0', 0);
INSERT INTO rule_argument(rule_id, argument_value, hid) VALUES (18, '0', 0);
INSERT INTO rule_argument(rule_id, argument_value, hid) VALUES (19, '0', 0);
INSERT INTO rule_argument(rule_id, argument_value, hid) VALUES (50, '0', 0);
INSERT INTO rule_argument(rule_id, argument_value, hid) VALUES (51, '0.0', 0);
INSERT INTO rule_argument(rule_id, argument_value, hid) VALUES (51, '1.0', 1);
INSERT INTO rule_argument(rule_id, argument_value, hid) VALUES (52, '0.0', 0);
INSERT INTO rule_argument(rule_id, argument_value, hid) VALUES (52, '1.0', 1);
INSERT INTO rule_argument(rule_id, argument_value, hid) VALUES (53, '1', 0);
INSERT INTO rule_argument(rule_id, argument_value, hid) VALUES (53, '8', 1);
INSERT INTO rule_argument(rule_id, argument_value, hid) VALUES (54, '-1', 0);
INSERT INTO rule_argument(rule_id, argument_value, hid) VALUES (55, '0.0', 0);
INSERT INTO rule_argument(rule_id, argument_value, hid) VALUES (55, '1.0', 1);
INSERT INTO rule_argument(rule_id, argument_value, hid) VALUES (56, '0.0', 0);
INSERT INTO rule_argument(rule_id, argument_value, hid) VALUES (56, '1.0', 1);
INSERT INTO rule_argument(rule_id, argument_value, hid) VALUES (57, '0', 0);
INSERT INTO rule_argument(rule_id, argument_value, hid) VALUES (58, '0', 0);
INSERT INTO rule_argument(rule_id, argument_value, hid) VALUES (59, '0', 0);
INSERT INTO rule_argument(rule_id, argument_value, hid) VALUES (60, 'Not strand-specific', 0);
INSERT INTO rule_argument(rule_id, argument_value, hid) VALUES (60, 'Rightmost end of fragment is sequenced first.', 1);
INSERT INTO rule_argument(rule_id, argument_value, hid) VALUES (60, 'Leftmost end of fragment is sequenced first.', 2);
INSERT INTO rule_argument(rule_id, argument_value, hid) VALUES (60, 'Both reads map to the same strand.', 3);
INSERT INTO rule_argument(rule_id, argument_value, hid) VALUES (60, 'Both reads map to the non-transcript strand.', 4);
INSERT INTO rule_argument(rule_id, argument_value, hid) VALUES (60, 'Both reads map to the transcript strand.', 5);
INSERT INTO rule_argument(rule_id, argument_value, hid) VALUES (68, '0', 0);
INSERT INTO rule_argument(rule_id, argument_value, hid) VALUES (69, 'lastBaseToKeep', 0);
INSERT INTO rule_argument(rule_id, argument_value, hid) VALUES (69, 'last base', 1);
INSERT INTO rule_argument(rule_id, argument_value, hid) VALUES (70, '1', 0);
INSERT INTO rule_argument(rule_id, argument_value, hid) VALUES (71, 'firstBaseToKeep', 0);
INSERT INTO rule_argument(rule_id, argument_value, hid) VALUES (71, 'first base', 1);
INSERT INTO rule_argument(rule_id, argument_value, hid) VALUES (66, '0', 0);
INSERT INTO rule_argument(rule_id, argument_value, hid) VALUES (39, '1', 0);
INSERT INTO rule_argument(rule_id, argument_value, hid) VALUES (39, '100', 1);
INSERT INTO rule_argument(rule_id, argument_value, hid) VALUES (40, '1', 0);
INSERT INTO rule_argument(rule_id, argument_value, hid) VALUES (40, '100', 1);
INSERT INTO rule_argument(rule_id, argument_value, hid) VALUES (41, '0', 0);
INSERT INTO rule_argument(rule_id, argument_value, hid) VALUES (42, '0', 0);
INSERT INTO rule_argument(rule_id, argument_value, hid) VALUES (43, '0', 0);
INSERT INTO rule_argument(rule_id, argument_value, hid) VALUES (44, '0', 0);
INSERT INTO rule_argument(rule_id, argument_value, hid) VALUES (45, '0', 0);
INSERT INTO rule_argument(rule_id, argument_value, hid) VALUES (45, '10', 1);
INSERT INTO rule_argument(rule_id, argument_value, hid) VALUES (45, '20', 2);
INSERT INTO rule_argument(rule_id, argument_value, hid) VALUES (45, '30', 3);
INSERT INTO rule_argument(rule_id, argument_value, hid) VALUES (45, '40', 4);
INSERT INTO rule_argument(rule_id, argument_value, hid) VALUES (45, '50', 5);
INSERT INTO rule_argument(rule_id, argument_value, hid) VALUES (45, '60', 6);
INSERT INTO rule_argument(rule_id, argument_value, hid) VALUES (46, '0.0', 0);
INSERT INTO rule_argument(rule_id, argument_value, hid) VALUES (46, '1.0', 1);
INSERT INTO rule_argument(rule_id, argument_value, hid) VALUES (47, '1', 0);
INSERT INTO rule_argument(rule_id, argument_value, hid) VALUES (47, '10', 1);
INSERT INTO rule_argument(rule_id, argument_value, hid) VALUES (48, '0.0', 0);
INSERT INTO rule_argument(rule_id, argument_value, hid) VALUES (48, '1.0', 1);
INSERT INTO rule_argument(rule_id, argument_value, hid) VALUES (49, '0', 0);
INSERT INTO rule_argument(rule_id, argument_value, hid) VALUES (49, '10', 1);
INSERT INTO rule_argument(rule_id, argument_value, hid) VALUES (49, '20', 2);
INSERT INTO rule_argument(rule_id, argument_value, hid) VALUES (49, '30', 3);
INSERT INTO rule_argument(rule_id, argument_value, hid) VALUES (49, '40', 4);
INSERT INTO rule_argument(rule_id, argument_value, hid) VALUES (49, '50', 5);
INSERT INTO rule_argument(rule_id, argument_value, hid) VALUES (49, '60', 6);
INSERT INTO rule_argument(rule_id, argument_value, hid) VALUES (67, 'Output only clipped sequences', 0);
INSERT INTO rule_argument(rule_id, argument_value, hid) VALUES (67, 'Output only non-clipped sequences', 1);
INSERT INTO rule_argument(rule_id, argument_value, hid) VALUES (67, 'Output both clipped and non-clipped sequences', 2);
INSERT INTO rule_type(hid, id, name, description, label) VALUES (1, '', 'IntAbove', null, '');
INSERT INTO rule_type(hid, id, name, description, label) VALUES (2, '', 'IntAbove', null, '');
INSERT INTO rule_type(hid, id, name, description, label) VALUES (3, '', 'IntAbove', null, '');
INSERT INTO rule_type(hid, id, name, description, label) VALUES (4, '', 'IntAbove', null, '');
INSERT INTO rule_type(hid, id, name, description, label) VALUES (5, '', 'MustContain', null, '');
INSERT INTO rule_type(hid, id, name, description, label) VALUES (6, '', 'DoubleRange', null, '');
INSERT INTO rule_type(hid, id, name, description, label) VALUES (7, '', 'IntRange', null, '');
INSERT INTO rule_type(hid, id, name, description, label) VALUES (8, '', 'IntRange', null, '');
INSERT INTO rule_type(hid, id, name, description, label) VALUES (9, '', 'DoubleRange', null, '');
INSERT INTO rule_type(hid, id, name, description, label) VALUES (10, '', 'MustContain', null, '');
INSERT INTO rule_type(hid, id, name, description, label) VALUES (11, '', 'IntAbove', null, '');
INSERT INTO rule_type(hid, id, name, description, label) VALUES (12, '', 'IntAbove', null, '');
INSERT INTO rule_type(hid, id, name, description, label) VALUES (13, '', 'IntAbove', null, '');
INSERT INTO rule_type(hid, id, name, description, label) VALUES (14, '', 'IntAbove', null, '');
INSERT INTO rule_type(hid, id, name, description, label) VALUES (15, '', 'IntAbove', null, '');
INSERT INTO rule_type(hid, id, name, description, label) VALUES (16, '', 'IntAbove', null, '');
INSERT INTO rule_type(hid, id, name, description, label) VALUES (17, '', 'IntAbove', null, '');
INSERT INTO rule_type(hid, id, name, description, label) VALUES (18, '', 'IntAbove', null, '');
INSERT INTO rule_type(hid, id, name, description, label) VALUES (19, '', 'IntAbove', null, '');
INSERT INTO rule_type(hid, id, name, description, label) VALUES (20, '', 'IntAbove', null, '');
INSERT INTO rule_type(hid, id, name, description, label) VALUES (21, '', 'IntAbove', null, '');
INSERT INTO rule_type(hid, id, name, description, label) VALUES (22, '', 'IntAbove', null, '');
INSERT INTO rule_type(hid, id, name, description, label) VALUES (23, '', 'IntAbove', null, '');
INSERT INTO rule_type(hid, id, name, description, label) VALUES (24, '', 'MustContain', null, '');
INSERT INTO rule_type(hid, id, name, description, label) VALUES (25, '', 'DoubleRange', null, '');
INSERT INTO rule_type(hid, id, name, description, label) VALUES (26, '', 'IntRange', null, '');
INSERT INTO rule_type(hid, id, name, description, label) VALUES (27, '', 'IntRange', null, '');
INSERT INTO rule_type(hid, id, name, description, label) VALUES (28, '', 'DoubleRange', null, '');
INSERT INTO rule_type(hid, id, name, description, label) VALUES (29, '', 'MustContain', null, '');
INSERT INTO rule_type(hid, id, name, description, label) VALUES (30, '', 'IntAbove', null, '');
INSERT INTO rule_type(hid, id, name, description, label) VALUES (31, '', 'IntAbove', null, '');
INSERT INTO rule_type(hid, id, name, description, label) VALUES (32, '', 'IntAbove', null, '');
INSERT INTO rule_type(hid, id, name, description, label) VALUES (33, '', 'IntAbove', null, '');
INSERT INTO rule_type(hid, id, name, description, label) VALUES (34, '', 'IntAbove', null, '');
INSERT INTO rule_type(hid, id, name, description, label) VALUES (35, '', 'IntAbove', null, '');
INSERT INTO rule_type(hid, id, name, description, label) VALUES (36, '', 'IntAbove', null, '');
INSERT INTO rule_type(hid, id, name, description, label) VALUES (37, '', 'IntAbove', null, '');
INSERT INTO rule_type(hid, id, name, description, label) VALUES (38, '', 'IntAbove', null, '');
INSERT INTO rule_type(hid, id, name, description, label) VALUES (39, '', 'IntRange', null, '');
INSERT INTO rule_type(hid, id, name, description, label) VALUES (40, '', 'IntRange', null, '');
INSERT INTO rule_type(hid, id, name, description, label) VALUES (41, '', 'IntAbove', null, '');
INSERT INTO rule_type(hid, id, name, description, label) VALUES (42, '', 'IntAbove', null, '');
INSERT INTO rule_type(hid, id, name, description, label) VALUES (43, '', 'IntAbove', null, '');
INSERT INTO rule_type(hid, id, name, description, label) VALUES (44, '', 'IntAbove', null, '');
INSERT INTO rule_type(hid, id, name, description, label) VALUES (45, '', 'MustContain', null, '');
INSERT INTO rule_type(hid, id, name, description, label) VALUES (46, '', 'DoubleRange', null, '');
INSERT INTO rule_type(hid, id, name, description, label) VALUES (47, '', 'IntRange', null, '');
INSERT INTO rule_type(hid, id, name, description, label) VALUES (48, '', 'DoubleRange', null, '');
INSERT INTO rule_type(hid, id, name, description, label) VALUES (49, '', 'MustContain', null, '');
INSERT INTO rule_type(hid, id, name, description, label) VALUES (50, '', 'IntAbove', null, '');
INSERT INTO rule_type(hid, id, name, description, label) VALUES (51, '', 'DoubleRange', null, '');
INSERT INTO rule_type(hid, id, name, description, label) VALUES (52, '', 'DoubleRange', null, '');
INSERT INTO rule_type(hid, id, name, description, label) VALUES (53, '', 'IntRange', null, '');
INSERT INTO rule_type(hid, id, name, description, label) VALUES (54, '', 'IntAbove', null, '');
INSERT INTO rule_type(hid, id, name, description, label) VALUES (55, '', 'DoubleRange', null, '');
INSERT INTO rule_type(hid, id, name, description, label) VALUES (56, '', 'DoubleRange', null, '');
INSERT INTO rule_type(hid, id, name, description, label) VALUES (57, '', 'IntAbove', null, '');
INSERT INTO rule_type(hid, id, name, description, label) VALUES (58, '', 'IntAbove', null, '');
INSERT INTO rule_type(hid, id, name, description, label) VALUES (59, '', 'IntAbove', null, '');
INSERT INTO rule_type(hid, id, name, description, label) VALUES (60, '', 'MustContain', null, '');
INSERT INTO rule_type(hid, id, name, description, label) VALUES (61, '', 'DoubleRange', null, '');
INSERT INTO rule_type(hid, id, name, description, label) VALUES (62, '', 'IntRange', null, '');
INSERT INTO rule_type(hid, id, name, description, label) VALUES (63, '', 'MustContain', null, '');
INSERT INTO rule_type(hid, id, name, description, label) VALUES (64, '', 'IntRange', null, '');
INSERT INTO rule_type(hid, id, name, description, label) VALUES (65, '', 'IntRange', null, '');
INSERT INTO rule_type(hid, id, name, description, label) VALUES (66, '', 'IntAbove', null, '');
INSERT INTO rule_type(hid, id, name, description, label) VALUES (67, '', 'MustContain', null, '');
INSERT INTO rule_type(hid, id, name, description, label) VALUES (68, '', 'IntAbove', null, '');
INSERT INTO rule_type(hid, id, name, description, label) VALUES (69, '', 'IntBelowField', null, '');
INSERT INTO rule_type(hid, id, name, description, label) VALUES (70, '', 'IntAbove', null, '');
INSERT INTO rule_type(hid, id, name, description, label) VALUES (71, '', 'IntAboveField', null, '');
INSERT INTO template(hid, id, name, description, label, type, component_id) VALUES (1, 't65ad6c869e45445882d8d283e99e863c', 'Handle Fastq Paired End Reads', null, 'Handle Fastq Paired End Reads', 'preprocessing', 'c25d1206fbd2543fd90f8ce76d363087b');
INSERT INTO template(hid, id, name, description, label, type, component_id) VALUES (2, 'tafa3108f6b222163b584cfb5499e4f58', 'TopHat Paired End for Illumina', null, 'TopHat Paired End for Illumina', 'UHTS Alignment Tools', 'c4b3ebdd32137419b820ba3ddbd7d141e');
INSERT INTO template(hid, id, name, description, label, type, component_id) VALUES (3, 'tb584cfb5499e4f58afa3108f6b222163', 'TopHat Single End for Illumina', null, 'TopHat Single End for Illumina', 'UHTS Alignment Tools', 'c4b3ebdd32137419b820ba3ddbd7d141e');
INSERT INTO template(hid, id, name, description, label, type, component_id) VALUES (4, 't259a86b292964cb4bae61400993f2af0', 'Merge Input files', null, 'Merge Input files', 'samtools', 'c4b3ebdd32137419b820ba3ddbd7d141e');
INSERT INTO template(hid, id, name, description, label, type, component_id) VALUES (5, 't35698bf3f770431dac9ec86069ccb2ce', 'Merge Input files', null, 'Merge Input files', 'samtools', 'c4b3ebdd32137419b820ba3ddbd7d141e');
INSERT INTO template(hid, id, name, description, label, type, component_id) VALUES (6, 't6cf67a33e016493194be0978e01f47d9', 'Filtering', null, 'Filtering', 'varfilter', 'c4b3ebdd32137419b820ba3ddbd7d141e');
INSERT INTO template(hid, id, name, description, label, type, component_id) VALUES (7, 't5063fc675dc94877bc000eb5633e18aa', 'VCF converter', null, 'VCF converter', 'VCFC', 'c4b3ebdd32137419b820ba3ddbd7d141e');
INSERT INTO template(hid, id, name, description, label, type, component_id) VALUES (8, 't2d6ebb74f29a498cbc0ad3d01b80e3a1', 'Base calling', null, 'Base calling', 'samtools', 'c4b3ebdd32137419b820ba3ddbd7d141e');
INSERT INTO template(hid, id, name, description, label, type, component_id) VALUES (9, 'td0c69efa6ee5440c83c3168c6a8030c3', 'Align - bwa', null, 'Align - bwa', 'Bwa', 'c4b3ebdd32137419b820ba3ddbd7d141e');
INSERT INTO template(hid, id, name, description, label, type, component_id) VALUES (10, 't3e5fa5b431a74a1390eca8c870ee6690', 'Align - bwa', null, 'Align - bwa', 'Bwa', 'c4b3ebdd32137419b820ba3ddbd7d141e');
INSERT INTO template(hid, id, name, description, label, type, component_id) VALUES (11, 't413ff997b7e4457f85cf6dcc5155e227', 'Transcript Abundance', null, 'Transcript Abundance', 'Cufflinks', 'c0ad5fa97187948f79b1b82cb2abcf623');
INSERT INTO template(hid, id, name, description, label, type, component_id) VALUES (12, 't89a5a24fde494b7cab9f4eeba1099908', 'Transcript Abundance', null, 'Transcript Abundance', 'Cufflinks', 'c4b3ebdd32137419b820ba3ddbd7d141e');
INSERT INTO template(hid, id, name, description, label, type, component_id) VALUES (13, 't67151b1dea3a4aee84bfea14015c11a8', 'Independent Contrast', null, 'Independent Contrast', 'IndependentContrast', 'c4b3ebdd32137419b820ba3ddbd7d141e');
INSERT INTO template(hid, id, name, description, label, type, component_id) VALUES (14, 't67151b1dea3a4aee84bfeb14015c11a8', 'Independent Contrast', null, 'Independent Contrast', 'IndependentContrast', 'c4b3ebdf32237419b820bf1db0781412e');
INSERT INTO template(hid, id, name, description, label, type, component_id) VALUES (15, 't319b9ca5e639468d800aee51b95b998c', 'Continuous Ancestral Character Estimation', null, 'Continuous Ancestral Character Estimation', 'cace', 'c12bd559051333352e31302e3231d750adbbbb3b582a');
INSERT INTO template(hid, id, name, description, label, type, component_id) VALUES (16, 't12bd045b75933352e31302e3231d0429321818ccf8c', 'Discrete Ancestral Character Estimation', null, 'Discrete Ancestral Character Estimation', 'dace', 'c12bd559051333352e31302e3231d750adbbbb3b582a');
INSERT INTO template(hid, id, name, description, label, type, component_id) VALUES (17, 't152be766a851453491e220ff7bea12de', 'FASTX Barcode Splitter (Single End)', null, 'FASTX Barcode Splitter (Single End)', 'fastxsplitter', 'c4b3ebdd32137419b820ba3ddbd7d141e');
INSERT INTO template(hid, id, name, description, label, type, component_id) VALUES (18, 'td44b92b00cec4881ac49b4edad05c158', 'FASTQ Quality Rescaler', null, 'FASTQ Quality Rescaler', 'fastxgroomer', 'c4b3ebdd32137419b820ba3ddbd7d141e');
INSERT INTO template(hid, id, name, description, label, type, component_id) VALUES (19, 't2491b03961834651a0c8bdc3b6219e22', 'FASTX Quality Filter', null, 'FASTX Quality Filter', 'fastxqfilter', 'c35c0e84eda2646aaa6c5cc8cb690da70');
INSERT INTO template(hid, id, name, description, label, type, component_id) VALUES (20, 't12094c41c22e4e02aa0d4240d7a855d5', 'FASTX Clipper', null, 'FASTX Clipper', 'fastxclipper', 'c000cbd03bb54493fa75e4fdc23d7c7ad');
INSERT INTO template(hid, id, name, description, label, type, component_id) VALUES (21, 'ta2eed78a0e924e6ba4fec03d929d905b', 'FASTX Trimmer', null, 'FASTX Trimmer', 'fastxtrimmer', 'cd49d4e63362c4312ae235b94a4bc46a4');
INSERT INTO template(hid, id, name, description, label, type, component_id) VALUES (22, 't12af368916d33352e31302e3231d01170012afe3c9oldr', 'TNRS', null, 'TNRS', 'TNRS', null);
INSERT INTO template(hid, id, name, description, label, type, component_id) VALUES (23, 't06132fa100a244878a31b84465a6e243', 'Bowtie merge input files', null, 'Bowtie merge input files', 'bash command', 'c4b3ebdd32137419b820ba3ddbd7d141e');
INSERT INTO template(hid, id, name, description, label, type, component_id) VALUES (24, 't0117d106b39d4081909f2cbfefbc4d29', 'Merge multiple sam files', null, 'Merge multiple sam files', 'mergesam', 'c4b3ebdd32137419b820ba3ddbd7d141e');
INSERT INTO template_group(hid, id, name, description, workspace_id) VALUES (1, 'g12c7a585ec233352e31302e323112a7ccf18bfd7364', 'template_grouping', '', 1);
INSERT INTO template_group(hid, id, name, description, workspace_id) VALUES (2, 'g12c7a5851e033352e31302e3231c303bfd69f6c198', 'Phylogenetic/Systematics', '', 0);
INSERT INTO template_group(hid, id, name, description, workspace_id) VALUES (3, 'g12c7a5852e933352e31302e3231fa5e9ef573b34a19', 'PHYLIP', '', 0);
INSERT INTO template_group(hid, id, name, description, workspace_id) VALUES (4, 'g12c7a5853e533352e31302e32315ae67c3c0b3003', 'ACE', 'Ancestral Character Estimation', 0);
INSERT INTO template_group(hid, id, name, description, workspace_id) VALUES (5, '12c7a5855e033352e31302e3231f4a2eb9bb5c3244e', 'Standardization', '', 0);
INSERT INTO template_group(hid, id, name, description, workspace_id) VALUES (6, '12c7a5856dd33352e31302e3231e32f3d63718af2cf', 'Quality Control and Manipulation', '', 0);
INSERT INTO template_group(hid, id, name, description, workspace_id) VALUES (7, 'g12c7a5858d633352e31302e32313627cd7415c02823', 'Transcriptomics/Genomics', '', 0);
INSERT INTO template_group(hid, id, name, description, workspace_id) VALUES (8, 'g12c7a5859d233352e31302e32313c1e360e22f759ad', 'Short Read Aligners', '', 0);
INSERT INTO template_group(hid, id, name, description, workspace_id) VALUES (9, 'g12c7a5859d233352e31302e32313c1e360e22f759ad', 'Quality Control and Manipulation', '', 0);
INSERT INTO template_group(hid, id, name, description, workspace_id) VALUES (10, 't12af368916d33352e31302e3231d01170012afe3c9', 'RNA Seq', '', 0);
INSERT INTO template_group(hid, id, name, description, workspace_id) VALUES (11, '12c7a585dc633352e31302e3231242d17f20197c203', 'Variant Detection', '', 0);
INSERT INTO template_group_group(parent_group_id, subgroup_id, hid) VALUES (1, 2, 0);
INSERT INTO template_group_group(parent_group_id, subgroup_id, hid) VALUES (1, 5, 1);
INSERT INTO template_group_group(parent_group_id, subgroup_id, hid) VALUES (1, 7, 2);
INSERT INTO template_group_group(parent_group_id, subgroup_id, hid) VALUES (2, 3, 0);
INSERT INTO template_group_group(parent_group_id, subgroup_id, hid) VALUES (2, 4, 1);
INSERT INTO template_group_group(parent_group_id, subgroup_id, hid) VALUES (5, 6, 0);
INSERT INTO template_group_group(parent_group_id, subgroup_id, hid) VALUES (7, 8, 0);
INSERT INTO template_group_group(parent_group_id, subgroup_id, hid) VALUES (7, 9, 1);
INSERT INTO template_group_group(parent_group_id, subgroup_id, hid) VALUES (7, 10, 2);
INSERT INTO template_group_group(parent_group_id, subgroup_id, hid) VALUES (7, 11, 3);
INSERT INTO template_group_template(template_group_id, template_id, hid) VALUES (2, 17, 0);
INSERT INTO template_group_template(template_group_id, template_id, hid) VALUES (3, 8, 0);
INSERT INTO template_group_template(template_group_id, template_id, hid) VALUES (4, 11, 0);
INSERT INTO template_group_template(template_group_id, template_id, hid) VALUES (4, 10, 1);
INSERT INTO template_group_template(template_group_id, template_id, hid) VALUES (5, 17, 0);
INSERT INTO template_group_template(template_group_id, template_id, hid) VALUES (6, 13, 0);
INSERT INTO template_group_template(template_group_id, template_id, hid) VALUES (6, 12, 1);
INSERT INTO template_group_template(template_group_id, template_id, hid) VALUES (6, 14, 2);
INSERT INTO template_group_template(template_group_id, template_id, hid) VALUES (6, 16, 3);
INSERT INTO template_group_template(template_group_id, template_id, hid) VALUES (6, 15, 4);
INSERT INTO template_group_template(template_group_id, template_id, hid) VALUES (8, 5, 0);
INSERT INTO template_group_template(template_group_id, template_id, hid) VALUES (8, 6, 1);
INSERT INTO template_group_template(template_group_id, template_id, hid) VALUES (8, 7, 2);
INSERT INTO template_group_template(template_group_id, template_id, hid) VALUES (8, 1, 3);
INSERT INTO template_group_template(template_group_id, template_id, hid) VALUES (9, 13, 0);
INSERT INTO template_group_template(template_group_id, template_id, hid) VALUES (9, 12, 1);
INSERT INTO template_group_template(template_group_id, template_id, hid) VALUES (9, 14, 2);
INSERT INTO template_group_template(template_group_id, template_id, hid) VALUES (9, 16, 3);
INSERT INTO template_group_template(template_group_id, template_id, hid) VALUES (9, 15, 4);
INSERT INTO template_group_template(template_group_id, template_id, hid) VALUES (10, 9, 0);
INSERT INTO template_group_template(template_group_id, template_id, hid) VALUES (11, 2, 0);
INSERT INTO template_input(template_id, input_id, hid) VALUES (1, 1, 0);
INSERT INTO template_input(template_id, input_id, hid) VALUES (1, 2, 1);
INSERT INTO template_input(template_id, input_id, hid) VALUES (2, 5, 0);
INSERT INTO template_input(template_id, input_id, hid) VALUES (2, 6, 1);
INSERT INTO template_input(template_id, input_id, hid) VALUES (2, 7, 2);
INSERT INTO template_input(template_id, input_id, hid) VALUES (3, 10, 0);
INSERT INTO template_input(template_id, input_id, hid) VALUES (3, 11, 1);
INSERT INTO template_input(template_id, input_id, hid) VALUES (4, 14, 0);
INSERT INTO template_input(template_id, input_id, hid) VALUES (5, 16, 0);
INSERT INTO template_input(template_id, input_id, hid) VALUES (6, 18, 0);
INSERT INTO template_input(template_id, input_id, hid) VALUES (7, 20, 0);
INSERT INTO template_input(template_id, input_id, hid) VALUES (7, 21, 1);
INSERT INTO template_input(template_id, input_id, hid) VALUES (8, 23, 0);
INSERT INTO template_input(template_id, input_id, hid) VALUES (8, 24, 1);
INSERT INTO template_input(template_id, input_id, hid) VALUES (9, 26, 0);
INSERT INTO template_input(template_id, input_id, hid) VALUES (9, 27, 1);
INSERT INTO template_input(template_id, input_id, hid) VALUES (10, 29, 0);
INSERT INTO template_input(template_id, input_id, hid) VALUES (10, 30, 1);
INSERT INTO template_input(template_id, input_id, hid) VALUES (10, 31, 2);
INSERT INTO template_input(template_id, input_id, hid) VALUES (11, 33, 0);
INSERT INTO template_input(template_id, input_id, hid) VALUES (11, 34, 1);
INSERT INTO template_input(template_id, input_id, hid) VALUES (12, 35, 0);
INSERT INTO template_input(template_id, input_id, hid) VALUES (13, 41, 0);
INSERT INTO template_input(template_id, input_id, hid) VALUES (13, 42, 1);
INSERT INTO template_input(template_id, input_id, hid) VALUES (15, 45, 0);
INSERT INTO template_input(template_id, input_id, hid) VALUES (15, 46, 1);
INSERT INTO template_input(template_id, input_id, hid) VALUES (16, 52, 0);
INSERT INTO template_input(template_id, input_id, hid) VALUES (16, 53, 1);
INSERT INTO template_input(template_id, input_id, hid) VALUES (17, 59, 0);
INSERT INTO template_input(template_id, input_id, hid) VALUES (18, 62, 0);
INSERT INTO template_input(template_id, input_id, hid) VALUES (19, 64, 0);
INSERT INTO template_input(template_id, input_id, hid) VALUES (20, 66, 0);
INSERT INTO template_input(template_id, input_id, hid) VALUES (21, 68, 0);
INSERT INTO template_input(template_id, input_id, hid) VALUES (23, 70, 0);
INSERT INTO template_input(template_id, input_id, hid) VALUES (24, 72, 0);
INSERT INTO template_output(template_id, output_id, hid) VALUES (1, 3, 0);
INSERT INTO template_output(template_id, output_id, hid) VALUES (1, 4, 1);
INSERT INTO template_output(template_id, output_id, hid) VALUES (2, 8, 0);
INSERT INTO template_output(template_id, output_id, hid) VALUES (2, 9, 1);
INSERT INTO template_output(template_id, output_id, hid) VALUES (3, 12, 0);
INSERT INTO template_output(template_id, output_id, hid) VALUES (3, 13, 1);
INSERT INTO template_output(template_id, output_id, hid) VALUES (4, 15, 0);
INSERT INTO template_output(template_id, output_id, hid) VALUES (5, 17, 0);
INSERT INTO template_output(template_id, output_id, hid) VALUES (6, 19, 0);
INSERT INTO template_output(template_id, output_id, hid) VALUES (7, 22, 0);
INSERT INTO template_output(template_id, output_id, hid) VALUES (8, 25, 0);
INSERT INTO template_output(template_id, output_id, hid) VALUES (9, 28, 0);
INSERT INTO template_output(template_id, output_id, hid) VALUES (10, 32, 0);
INSERT INTO template_output(template_id, output_id, hid) VALUES (12, 36, 0);
INSERT INTO template_output(template_id, output_id, hid) VALUES (12, 37, 1);
INSERT INTO template_output(template_id, output_id, hid) VALUES (12, 38, 2);
INSERT INTO template_output(template_id, output_id, hid) VALUES (12, 39, 3);
INSERT INTO template_output(template_id, output_id, hid) VALUES (12, 40, 4);
INSERT INTO template_output(template_id, output_id, hid) VALUES (13, 43, 0);
INSERT INTO template_output(template_id, output_id, hid) VALUES (14, 44, 0);
INSERT INTO template_output(template_id, output_id, hid) VALUES (15, 47, 0);
INSERT INTO template_output(template_id, output_id, hid) VALUES (15, 48, 1);
INSERT INTO template_output(template_id, output_id, hid) VALUES (15, 49, 2);
INSERT INTO template_output(template_id, output_id, hid) VALUES (15, 50, 3);
INSERT INTO template_output(template_id, output_id, hid) VALUES (15, 51, 4);
INSERT INTO template_output(template_id, output_id, hid) VALUES (16, 54, 0);
INSERT INTO template_output(template_id, output_id, hid) VALUES (16, 55, 1);
INSERT INTO template_output(template_id, output_id, hid) VALUES (16, 56, 2);
INSERT INTO template_output(template_id, output_id, hid) VALUES (16, 57, 3);
INSERT INTO template_output(template_id, output_id, hid) VALUES (16, 58, 4);
INSERT INTO template_output(template_id, output_id, hid) VALUES (17, 60, 0);
INSERT INTO template_output(template_id, output_id, hid) VALUES (17, 61, 1);
INSERT INTO template_output(template_id, output_id, hid) VALUES (18, 63, 0);
INSERT INTO template_output(template_id, output_id, hid) VALUES (19, 65, 0);
INSERT INTO template_output(template_id, output_id, hid) VALUES (20, 67, 0);
INSERT INTO template_output(template_id, output_id, hid) VALUES (21, 69, 0);
INSERT INTO template_output(template_id, output_id, hid) VALUES (23, 71, 0);
INSERT INTO template_output(template_id, output_id, hid) VALUES (24, 73, 0);
INSERT INTO template_property_group(template_id, property_group_id, hid) VALUES (1, 1, 0);
INSERT INTO template_property_group(template_id, property_group_id, hid) VALUES (5, 5, 0);
INSERT INTO template_property_group(template_id, property_group_id, hid) VALUES (14, 14, 0);
INSERT INTO template_property_group(template_id, property_group_id, hid) VALUES (2, 2, 0);
INSERT INTO template_property_group(template_id, property_group_id, hid) VALUES (4, 4, 0);
INSERT INTO template_property_group(template_id, property_group_id, hid) VALUES (7, 7, 0);
INSERT INTO template_property_group(template_id, property_group_id, hid) VALUES (6, 6, 0);
INSERT INTO template_property_group(template_id, property_group_id, hid) VALUES (8, 8, 0);
INSERT INTO template_property_group(template_id, property_group_id, hid) VALUES (23, 23, 0);
INSERT INTO template_property_group(template_id, property_group_id, hid) VALUES (9, 9, 0);
INSERT INTO template_property_group(template_id, property_group_id, hid) VALUES (10, 10, 0);
INSERT INTO template_property_group(template_id, property_group_id, hid) VALUES (3, 3, 0);
INSERT INTO template_property_group(template_id, property_group_id, hid) VALUES (13, 13, 0);
INSERT INTO template_property_group(template_id, property_group_id, hid) VALUES (24, 24, 0);
INSERT INTO template_property_group(template_id, property_group_id, hid) VALUES (11, 11, 0);
INSERT INTO template_property_group(template_id, property_group_id, hid) VALUES (12, 12, 0);
INSERT INTO template_property_group(template_id, property_group_id, hid) VALUES (15, 15, 0);
INSERT INTO template_property_group(template_id, property_group_id, hid) VALUES (16, 16, 0);
INSERT INTO template_property_group(template_id, property_group_id, hid) VALUES (21, 21, 0);
INSERT INTO template_property_group(template_id, property_group_id, hid) VALUES (17, 17, 0);
INSERT INTO template_property_group(template_id, property_group_id, hid) VALUES (18, 18, 0);
INSERT INTO template_property_group(template_id, property_group_id, hid) VALUES (20, 20, 0);
INSERT INTO template_property_group(template_id, property_group_id, hid) VALUES (19, 19, 0);
INSERT INTO template_property_group(template_id, property_group_id, hid) VALUES (22, 22, 0);
INSERT INTO transformation(id, name, description, template_id) VALUES (1, 'no_name', 'transformation', 'tafa3108f6b222163b584cfb5499e4f58');
INSERT INTO transformation(id, name, description, template_id) VALUES (2, 'no_name', 'transformation', 't0117d106b39d4081909f2cbfefbc4d29');
INSERT INTO transformation(id, name, description, template_id) VALUES (3, 'no_name', 'transformation', 't259a86b292964cb4bae61400993f2af0');
INSERT INTO transformation(id, name, description, template_id) VALUES (4, 'no_name', 'transformation', 't2d6ebb74f29a498cbc0ad3d01b80e3a1');
INSERT INTO transformation(id, name, description, template_id) VALUES (5, 'no_name', 'transformation', 't6cf67a33e016493194be0978e01f47d9');
INSERT INTO transformation(id, name, description, template_id) VALUES (6, 'no_name', 'transformation', 't5063fc675dc94877bc000eb5633e18aa');
INSERT INTO transformation(id, name, description, template_id) VALUES (7, 'no_name', 'transformation', 't6cf67a33e016493194be0978e01f47d9');
INSERT INTO transformation(id, name, description, template_id) VALUES (8, 'no_name', 'transformation', 't2d6ebb74f29a498cbc0ad3d01b80e3a1');
INSERT INTO transformation(id, name, description, template_id) VALUES (9, 'no_name', 'transformation', 't06132fa100a244878a31b84465a6e243');
INSERT INTO transformation(id, name, description, template_id) VALUES (10, 'no_name', 'transformation', 'td0c69efa6ee5440c83c3168c6a8030c3');
INSERT INTO transformation(id, name, description, template_id) VALUES (11, 'no_name', 'transformation', 't3e5fa5b431a74a1390eca8c870ee6690');
INSERT INTO transformation(id, name, description, template_id) VALUES (12, 'no_name', 'transformation', 'tb584cfb5499e4f58afa3108f6b222163');
INSERT INTO transformation(id, name, description, template_id) VALUES (13, 'no_name', 'transformation', 't67151b1dea3a4aee84bfea14015c11a8');
INSERT INTO transformation(id, name, description, template_id) VALUES (14, 'no_name', 'transformation', 't0117d106b39d4081909f2cbfefbc4d29');
INSERT INTO transformation(id, name, description, template_id) VALUES (15, 'no_name', 'transformation', 't413ff997b7e4457f85cf6dcc5155e227');
INSERT INTO transformation(id, name, description, template_id) VALUES (16, 'no_name', 'transformation', 't89a5a24fde494b7cab9f4eeba1099908');
INSERT INTO transformation(id, name, description, template_id) VALUES (17, 'no_name', 'transformation', 't319b9ca5e639468d800aee51b95b998c');
INSERT INTO transformation(id, name, description, template_id) VALUES (18, 'no_name', 'transformation', 't12bd045b75933352e31302e3231d0429321818ccf8c');
INSERT INTO transformation(id, name, description, template_id) VALUES (19, 'no_name', 'transformation', 'ta2eed78a0e924e6ba4fec03d929d905b');
INSERT INTO transformation(id, name, description, template_id) VALUES (20, 'no_name', 'transformation', 't152be766a851453491e220ff7bea12de');
INSERT INTO transformation(id, name, description, template_id) VALUES (21, 'no_name', 'transformation', 'td44b92b00cec4881ac49b4edad05c158');
INSERT INTO transformation(id, name, description, template_id) VALUES (22, 'no_name', 'transformation', 't12094c41c22e4e02aa0d4240d7a855d5');
INSERT INTO transformation(id, name, description, template_id) VALUES (23, 'no_name', 'transformation', 't2491b03961834651a0c8bdc3b6219e22');
INSERT INTO transformation(id, name, description, template_id) VALUES (24, 'no_name', 'transformation', 't12af368916d33352e31302e3231d01170012afe3c9oldr');
INSERT INTO transformation_activity(hid, name, id, description, workspace_id, type) VALUES (1, 'TopHat Paired End for Illumina', 'ad4fbbe44ff06445445882d8d2132a1e148ef4', 'help/user_manual/lessons/TopHat_Paired_End_for_Illumina.html', 0, 'aligner');
INSERT INTO transformation_activity(hid, name, id, description, workspace_id, type) VALUES (2, 'Find SNPs', 'a12ab10b2006e4a65aefa404f0af3c802', 'help/user_manual/lessons/Find_SNPs.html', 0, '');
INSERT INTO transformation_activity(hid, name, id, description, workspace_id, type) VALUES (3, 'Samtools Filtering', 'a4c264b30c2a54ee39df72ee4312606f2', '', 0, 'samtools');
INSERT INTO transformation_activity(hid, name, id, description, workspace_id, type) VALUES (4, 'Samtools Base Calling', 'acb1a1efc21be479c89248a60d153dd51', '', 0, 'samtools');
INSERT INTO transformation_activity(hid, name, id, description, workspace_id, type) VALUES (5, 'Burrows-Wheeler Aligner Single End Reads', 'adb0cc4e638184808b1f24212ca2e806f', 'help/user_manual/lessons/Burrows-Wheeler_Aligner_Single_End_Reads.html', 0, 'bwa');
INSERT INTO transformation_activity(hid, name, id, description, workspace_id, type) VALUES (6, 'Burrows-Wheeler Aligner Paired End Reads', 'a7c0b6f5ee44b409a8498c37383dbbef1', 'help/user_manual/lessons/Burrows-Wheeler_Aligner_Paired_End_Reads.html', 0, 'bwa');
INSERT INTO transformation_activity(hid, name, id, description, workspace_id, type) VALUES (7, 'TopHat Single End for Illumina', 'aea24bd53fa4e430e93fd2b7f10f6453d', 'help/user_manual/lessons/TopHat_Single_End_for_Illumina.html ', 0, 'aligner');
INSERT INTO transformation_activity(hid, name, id, description, workspace_id, type) VALUES (8, 'Independent Contrasts', 'a35f5afa532454d5c900ba40b1a04d83c', 'help/user_manual/lessons/Independent_Contrasts_Overview.html', 0, 'contrast');
INSERT INTO transformation_activity(hid, name, id, description, workspace_id, type) VALUES (9, 'Cufflinks Transcript Quantification', 'a5beb7172c6984e72aea36a0ab26c64830', 'help/user_manual/lessons/Cufflinks.html', 0, '');
INSERT INTO transformation_activity(hid, name, id, description, workspace_id, type) VALUES (10, 'Continuous Ancestral Character Estimation', 'ac6c8e153504c438ea462b41d8f8e98b0', 'help/user_manual/lessons/Continuous_Ancestral_Character_Estimation.html', 0, 'cace');
INSERT INTO transformation_activity(hid, name, id, description, workspace_id, type) VALUES (11, 'Discrete Ancestral Character Estimation', 'a4068abfb78af40f496917cc4916383f1', 'help/user_manual/lessons/Discrete_Ancestral_Character__Estimation_.html', 0, 'dace');
INSERT INTO transformation_activity(hid, name, id, description, workspace_id, type) VALUES (12, 'FASTX Trimmer', 'a65fa62bcebc0418cbb947485a63b30cd', 'help/user_manual/lessons/FASTX-Toolkit.html', 0, '');
INSERT INTO transformation_activity(hid, name, id, description, workspace_id, type) VALUES (13, 'FASTX Barcode Splitter (Single End)', 'adc2cec84781645899a6ccd4d025b0443', 'help/user_manual/lessons/FASTX-Toolkit.html', 0, '');
INSERT INTO transformation_activity(hid, name, id, description, workspace_id, type) VALUES (14, 'FASTQ Quality Rescaler', 'af8ac873952e549e4869f862d59e98e48', 'help/user_manual/lessons/FASTX-Toolkit.html', 0, '');
INSERT INTO transformation_activity(hid, name, id, description, workspace_id, type) VALUES (15, 'FASTX Clipper', 'ad042f00f8cf24143a9ce71820d691b2a', 'help/user_manual/lessons/FASTX-Toolkit.html', 0, '');
INSERT INTO transformation_activity(hid, name, id, description, workspace_id, type) VALUES (16, 'FASTX Quality Filter', 'a4ce6a7961e1f4aafabfce922fd00810f', 'help/user_manual/lessons/FASTX-Toolkit.html', 0, '');
INSERT INTO transformation_activity(hid, name, id, description, workspace_id, type) VALUES (17, 'TNRS Demo', 'a730680b27daf41b4b32991b9fe14aee9', 'help/user_manual/lessons/Taxonomic_Name_Resolution_Service_Demo.html', 0, 'TNRS');
INSERT INTO transformation_activity_mappings(transformation_activity_id, mapping_id, hid) VALUES (2, 1, 0);
INSERT INTO transformation_activity_mappings(transformation_activity_id, mapping_id, hid) VALUES (2, 2, 1);
INSERT INTO transformation_activity_mappings(transformation_activity_id, mapping_id, hid) VALUES (2, 3, 2);
INSERT INTO transformation_activity_mappings(transformation_activity_id, mapping_id, hid) VALUES (2, 4, 3);
INSERT INTO transformation_activity_mappings(transformation_activity_id, mapping_id, hid) VALUES (2, 5, 4);
INSERT INTO transformation_activity_mappings(transformation_activity_id, mapping_id, hid) VALUES (5, 6, 0);
INSERT INTO transformation_activity_mappings(transformation_activity_id, mapping_id, hid) VALUES (9, 7, 0);
INSERT INTO transformation_activity_mappings(transformation_activity_id, mapping_id, hid) VALUES (9, 8, 1);
INSERT INTO transformation_step(hid, name, id, description, transformation_id) VALUES (1, 'alignment', 's4544586b222163b584cd45445882d8d', 'Aligns sequences using tophat', 1);
INSERT INTO transformation_step(hid, name, id, description, transformation_id) VALUES (2, 'merge', 's0fdf1bdd1959485180a8558a7b03facc', 'Merges a set of reads for input to samtools', 2);
INSERT INTO transformation_step(hid, name, id, description, transformation_id) VALUES (3, 'convertToBam', 's1d7d1f27ebe7402f95412416e20fb41e', 'converts a sam file to bam format', 3);
INSERT INTO transformation_step(hid, name, id, description, transformation_id) VALUES (4, 'bcalling', 's9bd99b34623e4f55ba628e29db67be8c', 'Samtools Base Calling', 4);
INSERT INTO transformation_step(hid, name, id, description, transformation_id) VALUES (5, 'filtering', 's59fab872b0964204bdd812920a48fb00', 'Samtools filterig', 5);
INSERT INTO transformation_step(hid, name, id, description, transformation_id) VALUES (6, 'convertovcf', 's2334528f2f5147c8974b6ab26a9f29be', 'Convert to VCF', 6);
INSERT INTO transformation_step(hid, name, id, description, transformation_id) VALUES (7, 'filterStep', 'sc581195cb48941928e24d797b79ae73e', '', 7);
INSERT INTO transformation_step(hid, name, id, description, transformation_id) VALUES (8, 'callingStep', 'sc5a5ba4891f84b7086fc016298d83198', '', 8);
INSERT INTO transformation_step(hid, name, id, description, transformation_id) VALUES (9, 'mergefastq', 's8a4dbf8bbdc94186add29c0ac55e0dc3', 'Merge fastq Files', 9);
INSERT INTO transformation_step(hid, name, id, description, transformation_id) VALUES (10, 'bwa', 's8a4dbf8bbdc94186add29c0ac55e0dc3', 'Burrows Wheeler Aligner', 10);
INSERT INTO transformation_step(hid, name, id, description, transformation_id) VALUES (11, 'alignment', 's26a5412a58d04a0bb9dc36ec73c12ed8', ' ', 11);
INSERT INTO transformation_step(hid, name, id, description, transformation_id) VALUES (12, 'alignment', 's0b95dce328da449aba52012f5734c23e', '', 12);
INSERT INTO transformation_step(hid, name, id, description, transformation_id) VALUES (13, 'contrastStep', 's4cc35bf915904b7185da920cc639b68c', 'Accepts a list of names and checks them against a database of canonical names to return both exact and possible matches.', 13);
INSERT INTO transformation_step(hid, name, id, description, transformation_id) VALUES (14, 'mergesam', 'sc7d54cb4b20d44e58a68b22146b29c45', 'mergesam', 14);
INSERT INTO transformation_step(hid, name, id, description, transformation_id) VALUES (15, 'cufflinks', 'sdf89f87258c14786adc6db94f13e09f9', 'Cufflinks', 15);
INSERT INTO transformation_step(hid, name, id, description, transformation_id) VALUES (16, 'postprocessing', 'sc713ad49b69b44469aaae7431b0e2268', 'Postprocessing steps', 16);
INSERT INTO transformation_step(hid, name, id, description, transformation_id) VALUES (17, 'cace', 'sdf67e43d9aee496fa92a3c27cf6b9367', 'Continuous Ancestral Character Estimation', 17);
INSERT INTO transformation_step(hid, name, id, description, transformation_id) VALUES (18, 'dace', 's92c9f43c48f24f46adbbd94b4a70364a', 'Discrete Anacestral Character Estimation', 18);
INSERT INTO transformation_step(hid, name, id, description, transformation_id) VALUES (19, 'FastxTrimmer', 's99b7195053c1435ebce0886cc9494d95', 'Trims (cuts) barcodes or noise from FASTQ sequences.', 19);
INSERT INTO transformation_step(hid, name, id, description, transformation_id) VALUES (20, 'FastxBarcodeSplitter', 's2eadb27364cb4129bc043b8b695392ce', 'Splits a FASTQ file containing multiple samples.', 20);
INSERT INTO transformation_step(hid, name, id, description, transformation_id) VALUES (21, 'FASTQQualityRescaler', 'sed9771830c994acb975662e1853624db', 'Converts FASTQ files from Illumina 1.3+ and Solexa formats to Sanger PHRED format', 21);
INSERT INTO transformation_step(hid, name, id, description, transformation_id) VALUES (22, 'FastxClipper', 's4dd23e56687f402f90e0d1efec0c7d17', 'Removes sequencing adapters / linkers from FASTQ files.', 22);
INSERT INTO transformation_step(hid, name, id, description, transformation_id) VALUES (23, 'FastxQualityFilter', 's39e30fcffe07414ba944fca3eb67159e', 'Filters FASTQ formatted sequences based on quality.', 23);
INSERT INTO transformation_step(hid, name, id, description, transformation_id) VALUES (24, 'TnrsStep', 's69860c905a0749a8afc14539b9ae6448', 'Accepts a list of names and checks them against a database of canonical names to return both exact and possible matches.', 24);
INSERT INTO transformation_task_steps(transformation_task_id, transformation_step_id, hid) VALUES (1, 1, 0);
INSERT INTO transformation_task_steps(transformation_task_id, transformation_step_id, hid) VALUES (2, 2, 0);
INSERT INTO transformation_task_steps(transformation_task_id, transformation_step_id, hid) VALUES (2, 3, 1);
INSERT INTO transformation_task_steps(transformation_task_id, transformation_step_id, hid) VALUES (2, 4, 2);
INSERT INTO transformation_task_steps(transformation_task_id, transformation_step_id, hid) VALUES (2, 5, 3);
INSERT INTO transformation_task_steps(transformation_task_id, transformation_step_id, hid) VALUES (2, 6, 4);
INSERT INTO transformation_task_steps(transformation_task_id, transformation_step_id, hid) VALUES (3, 7, 0);
INSERT INTO transformation_task_steps(transformation_task_id, transformation_step_id, hid) VALUES (4, 8, 0);
INSERT INTO transformation_task_steps(transformation_task_id, transformation_step_id, hid) VALUES (5, 9, 0);
INSERT INTO transformation_task_steps(transformation_task_id, transformation_step_id, hid) VALUES (5, 10, 1);
INSERT INTO transformation_task_steps(transformation_task_id, transformation_step_id, hid) VALUES (6, 11, 0);
INSERT INTO transformation_task_steps(transformation_task_id, transformation_step_id, hid) VALUES (7, 12, 0);
INSERT INTO transformation_task_steps(transformation_task_id, transformation_step_id, hid) VALUES (8, 13, 0);
INSERT INTO transformation_task_steps(transformation_task_id, transformation_step_id, hid) VALUES (9, 14, 0);
INSERT INTO transformation_task_steps(transformation_task_id, transformation_step_id, hid) VALUES (9, 15, 1);
INSERT INTO transformation_task_steps(transformation_task_id, transformation_step_id, hid) VALUES (9, 16, 2);
INSERT INTO transformation_task_steps(transformation_task_id, transformation_step_id, hid) VALUES (10, 17, 0);
INSERT INTO transformation_task_steps(transformation_task_id, transformation_step_id, hid) VALUES (11, 18, 0);
INSERT INTO transformation_task_steps(transformation_task_id, transformation_step_id, hid) VALUES (12, 19, 0);
INSERT INTO transformation_task_steps(transformation_task_id, transformation_step_id, hid) VALUES (13, 20, 0);
INSERT INTO transformation_task_steps(transformation_task_id, transformation_step_id, hid) VALUES (14, 21, 0);
INSERT INTO transformation_task_steps(transformation_task_id, transformation_step_id, hid) VALUES (15, 22, 0);
INSERT INTO transformation_task_steps(transformation_task_id, transformation_step_id, hid) VALUES (16, 23, 0);
INSERT INTO transformation_task_steps(transformation_task_id, transformation_step_id, hid) VALUES (17, 24, 0);
INSERT INTO transformation_value(transformation_id, value, property) VALUES (20, 'BC', 'prefix');
INSERT INTO transformation_value(transformation_id, value, property) VALUES (20, '/usr/local2/bin/fastx_barcode_splitter.sh', 'script');
INSERT INTO validator(hid, id, name, description, label) VALUES (1, '', '', null, '');
INSERT INTO validator(hid, id, name, description, label) VALUES (2, '', '', null, '');
INSERT INTO validator(hid, id, name, description, label) VALUES (3, '', '', null, '');
INSERT INTO validator(hid, id, name, description, label) VALUES (4, '', '', null, '');
INSERT INTO validator(hid, id, name, description, label) VALUES (5, '', '', null, '');
INSERT INTO validator(hid, id, name, description, label) VALUES (6, '', '', null, '');
INSERT INTO validator(hid, id, name, description, label) VALUES (7, '', '', null, '');
INSERT INTO validator(hid, id, name, description, label) VALUES (8, '', '', null, '');
INSERT INTO validator(hid, id, name, description, label) VALUES (9, '', '', null, '');
INSERT INTO validator(hid, id, name, description, label) VALUES (10, '', '', null, '');
INSERT INTO validator(hid, id, name, description, label) VALUES (11, '', '', null, '');
INSERT INTO validator(hid, id, name, description, label) VALUES (12, '', '', null, '');
INSERT INTO validator(hid, id, name, description, label) VALUES (13, '', '', null, '');
INSERT INTO validator(hid, id, name, description, label) VALUES (14, '', '', null, '');
INSERT INTO validator(hid, id, name, description, label) VALUES (15, '', '', null, '');
INSERT INTO validator(hid, id, name, description, label) VALUES (16, '', '', null, '');
INSERT INTO validator(hid, id, name, description, label) VALUES (17, '', '', null, '');
INSERT INTO validator(hid, id, name, description, label) VALUES (18, '', '', null, '');
INSERT INTO validator(hid, id, name, description, label) VALUES (19, '', '', null, '');
INSERT INTO validator(hid, id, name, description, label) VALUES (20, '', '', null, '');
INSERT INTO validator(hid, id, name, description, label) VALUES (21, '', '', null, '');
INSERT INTO validator(hid, id, name, description, label) VALUES (22, '', '', null, '');
INSERT INTO validator(hid, id, name, description, label) VALUES (23, '', '', null, '');
INSERT INTO validator(hid, id, name, description, label) VALUES (24, '', '', null, '');
INSERT INTO validator(hid, id, name, description, label) VALUES (25, '', '', null, '');
INSERT INTO validator(hid, id, name, description, label) VALUES (26, '', '', null, '');
INSERT INTO validator(hid, id, name, description, label) VALUES (27, '', '', null, '');
INSERT INTO validator(hid, id, name, description, label) VALUES (28, '', '', null, '');
INSERT INTO validator(hid, id, name, description, label) VALUES (29, '', '', null, '');
INSERT INTO validator(hid, id, name, description, label) VALUES (30, '', '', null, '');
INSERT INTO validator(hid, id, name, description, label) VALUES (31, '', '', null, '');
INSERT INTO validator(hid, id, name, description, label) VALUES (32, '', '', null, '');
INSERT INTO validator(hid, id, name, description, label) VALUES (33, '', '', null, '');
INSERT INTO validator(hid, id, name, description, label) VALUES (34, '', '', null, '');
INSERT INTO validator(hid, id, name, description, label) VALUES (35, '', '', null, '');
INSERT INTO validator(hid, id, name, description, label) VALUES (36, '', '', null, '');
INSERT INTO validator(hid, id, name, description, label) VALUES (37, '', '', null, '');
INSERT INTO validator(hid, id, name, description, label) VALUES (38, '', '', null, '');
INSERT INTO validator(hid, id, name, description, label) VALUES (39, '', '', null, '');
INSERT INTO validator(hid, id, name, description, label) VALUES (40, '', '', null, '');
INSERT INTO validator(hid, id, name, description, label) VALUES (41, '', '', null, '');
INSERT INTO validator(hid, id, name, description, label) VALUES (42, '', '', null, '');
INSERT INTO validator(hid, id, name, description, label) VALUES (43, '', '', null, '');
INSERT INTO validator(hid, id, name, description, label) VALUES (44, '', '', null, '');
INSERT INTO validator(hid, id, name, description, label) VALUES (45, '', '', null, '');
INSERT INTO validator(hid, id, name, description, label) VALUES (46, '', '', null, '');
INSERT INTO validator(hid, id, name, description, label) VALUES (47, '', '', null, '');
INSERT INTO validator(hid, id, name, description, label) VALUES (48, '', 'Minimum read depth field', null, '');
INSERT INTO validator(hid, id, name, description, label) VALUES (49, '', 'Maximum read depth field', null, '');
INSERT INTO validator(hid, id, name, description, label) VALUES (50, '', 'SNPs around a gap field', null, '');
INSERT INTO validator(hid, id, name, description, label) VALUES (51, '', 'Window size for filtering dense SNPs field', null, '');
INSERT INTO validator(hid, id, name, description, label) VALUES (52, '', 'Max SNPs in a window field', null, '');
INSERT INTO validator(hid, id, name, description, label) VALUES (53, '', 'Window size field', null, '');
INSERT INTO validator(hid, id, name, description, label) VALUES (54, '', '', null, '');
INSERT INTO validator(hid, id, name, description, label) VALUES (55, '', '', null, '');
INSERT INTO validator(hid, id, name, description, label) VALUES (56, '', 'Theta parameter field', null, '');
INSERT INTO validator(hid, id, name, description, label) VALUES (57, '', 'Number of haplotypes field', null, '');
INSERT INTO validator(hid, id, name, description, label) VALUES (58, '', 'Expected fraction of differences between a pair of haplotypes', null, '');
INSERT INTO validator(hid, id, name, description, label) VALUES (59, '', '', null, '');
INSERT INTO validator(hid, id, name, description, label) VALUES (60, '', '', null, '');
INSERT INTO validator(hid, id, name, description, label) VALUES (61, '', '', null, '');
INSERT INTO validator(hid, id, name, description, label) VALUES (62, '', '', null, '');
INSERT INTO validator(hid, id, name, description, label) VALUES (63, '', '', null, '');
INSERT INTO validator(hid, id, name, description, label) VALUES (64, '', '', null, '');
INSERT INTO validator(hid, id, name, description, label) VALUES (65, '', '', null, '');
INSERT INTO validator(hid, id, name, description, label) VALUES (66, '', '', null, '');
INSERT INTO validator(hid, id, name, description, label) VALUES (67, '', '', null, '');
INSERT INTO validator(hid, id, name, description, label) VALUES (68, '', '', null, '');
INSERT INTO validator(hid, id, name, description, label) VALUES (69, '', '', null, '');
INSERT INTO validator(hid, id, name, description, label) VALUES (70, '', '', null, '');
INSERT INTO validator(hid, id, name, description, label) VALUES (71, '', '', null, '');
INSERT INTO validator(hid, id, name, description, label) VALUES (72, '', '', null, '');
INSERT INTO validator(hid, id, name, description, label) VALUES (73, '', '', null, '');
INSERT INTO validator(hid, id, name, description, label) VALUES (74, '', '', null, '');
INSERT INTO validator(hid, id, name, description, label) VALUES (75, '', '', null, '');
INSERT INTO validator(hid, id, name, description, label) VALUES (76, '', '', null, '');
INSERT INTO validator(hid, id, name, description, label) VALUES (77, '', '', null, '');
INSERT INTO validator(hid, id, name, description, label) VALUES (78, '', '', null, '');
INSERT INTO validator(hid, id, name, description, label) VALUES (79, '', '', null, '');
INSERT INTO validator(hid, id, name, description, label) VALUES (80, '', '', null, '');
INSERT INTO validator(hid, id, name, description, label) VALUES (81, '', '', null, '');
INSERT INTO validator(hid, id, name, description, label) VALUES (82, '', '', null, '');
INSERT INTO validator(hid, id, name, description, label) VALUES (83, '', '', null, '');
INSERT INTO validator(hid, id, name, description, label) VALUES (84, '', '', null, '');
INSERT INTO validator(hid, id, name, description, label) VALUES (85, '', '', null, '');
INSERT INTO validator(hid, id, name, description, label) VALUES (86, '', '', null, '');
INSERT INTO validator(hid, id, name, description, label) VALUES (87, '', '', null, '');
INSERT INTO validator(hid, id, name, description, label) VALUES (88, '', '', null, '');
INSERT INTO validator(hid, id, name, description, label) VALUES (89, '', '', null, '');
INSERT INTO validator(hid, id, name, description, label) VALUES (90, '', 'Maximum Intron length field', null, '');
INSERT INTO validator(hid, id, name, description, label) VALUES (91, '', 'Minimum Isoform Fraction field', null, '');
INSERT INTO validator(hid, id, name, description, label) VALUES (92, '', 'Expected pre-mRNA fraction field', null, '');
INSERT INTO validator(hid, id, name, description, label) VALUES (93, '', '', null, '');
INSERT INTO validator(hid, id, name, description, label) VALUES (94, '', 'Window size field', null, '');
INSERT INTO validator(hid, id, name, description, label) VALUES (95, '', '', null, '');
INSERT INTO validator(hid, id, name, description, label) VALUES (96, '', 'Bionimal test alpha', null, '');
INSERT INTO validator(hid, id, name, description, label) VALUES (97, '', 'Bionimal test alpha', null, '');
INSERT INTO validator(hid, id, name, description, label) VALUES (98, '', 'Minimum fragments per transfrag', null, '');
INSERT INTO validator(hid, id, name, description, label) VALUES (99, '', 'Number of importance samples generated for each locus', null, '');
INSERT INTO validator(hid, id, name, description, label) VALUES (100, '', 'Number of iterations allowed during Maxiumum Likelihood Estimation', null, '');
INSERT INTO validator(hid, id, name, description, label) VALUES (101, '', '', null, '');
INSERT INTO validator(hid, id, name, description, label) VALUES (102, '', '', null, '');
INSERT INTO validator(hid, id, name, description, label) VALUES (103, '', '', null, '');
INSERT INTO validator(hid, id, name, description, label) VALUES (104, '', 'Allowed mismatches field', null, '');
INSERT INTO validator(hid, id, name, description, label) VALUES (105, '', '', null, '');
INSERT INTO validator(hid, id, name, description, label) VALUES (106, '', 'Quality cut-off field', null, '');
INSERT INTO validator(hid, id, name, description, label) VALUES (107, '', 'This field', null, '');
INSERT INTO validator(hid, id, name, description, label) VALUES (108, '', 'Minimum sequence length field', null, '');
INSERT INTO validator(hid, id, name, description, label) VALUES (109, '', '', null, '');
INSERT INTO validator(hid, id, name, description, label) VALUES (110, '', 'First base to keep field', null, '');
INSERT INTO validator(hid, id, name, description, label) VALUES (111, '', 'Last base to keep field', null, '');
INSERT INTO validator_rule(validator_id, rule_id, id) VALUES (1, 1, 0);
INSERT INTO validator_rule(validator_id, rule_id, id) VALUES (2, 2, 0);
INSERT INTO validator_rule(validator_id, rule_id, id) VALUES (3, 3, 0);
INSERT INTO validator_rule(validator_id, rule_id, id) VALUES (4, 4, 0);
INSERT INTO validator_rule(validator_id, rule_id, id) VALUES (5, 5, 0);
INSERT INTO validator_rule(validator_id, rule_id, id) VALUES (6, 6, 0);
INSERT INTO validator_rule(validator_id, rule_id, id) VALUES (7, 7, 0);
INSERT INTO validator_rule(validator_id, rule_id, id) VALUES (8, 8, 0);
INSERT INTO validator_rule(validator_id, rule_id, id) VALUES (9, 9, 0);
INSERT INTO validator_rule(validator_id, rule_id, id) VALUES (12, 10, 0);
INSERT INTO validator_rule(validator_id, rule_id, id) VALUES (13, 11, 0);
INSERT INTO validator_rule(validator_id, rule_id, id) VALUES (14, 12, 0);
INSERT INTO validator_rule(validator_id, rule_id, id) VALUES (15, 13, 0);
INSERT INTO validator_rule(validator_id, rule_id, id) VALUES (16, 14, 0);
INSERT INTO validator_rule(validator_id, rule_id, id) VALUES (17, 15, 0);
INSERT INTO validator_rule(validator_id, rule_id, id) VALUES (18, 16, 0);
INSERT INTO validator_rule(validator_id, rule_id, id) VALUES (19, 17, 0);
INSERT INTO validator_rule(validator_id, rule_id, id) VALUES (20, 18, 0);
INSERT INTO validator_rule(validator_id, rule_id, id) VALUES (21, 19, 0);
INSERT INTO validator_rule(validator_id, rule_id, id) VALUES (48, 39, 0);
INSERT INTO validator_rule(validator_id, rule_id, id) VALUES (49, 40, 0);
INSERT INTO validator_rule(validator_id, rule_id, id) VALUES (50, 41, 0);
INSERT INTO validator_rule(validator_id, rule_id, id) VALUES (51, 42, 0);
INSERT INTO validator_rule(validator_id, rule_id, id) VALUES (52, 43, 0);
INSERT INTO validator_rule(validator_id, rule_id, id) VALUES (53, 44, 0);
INSERT INTO validator_rule(validator_id, rule_id, id) VALUES (54, 45, 0);
INSERT INTO validator_rule(validator_id, rule_id, id) VALUES (56, 46, 0);
INSERT INTO validator_rule(validator_id, rule_id, id) VALUES (57, 47, 0);
INSERT INTO validator_rule(validator_id, rule_id, id) VALUES (58, 48, 0);
INSERT INTO validator_rule(validator_id, rule_id, id) VALUES (59, 49, 0);
INSERT INTO validator_rule(validator_id, rule_id, id) VALUES (25, 20, 0);
INSERT INTO validator_rule(validator_id, rule_id, id) VALUES (26, 21, 0);
INSERT INTO validator_rule(validator_id, rule_id, id) VALUES (27, 22, 0);
INSERT INTO validator_rule(validator_id, rule_id, id) VALUES (28, 23, 0);
INSERT INTO validator_rule(validator_id, rule_id, id) VALUES (29, 24, 0);
INSERT INTO validator_rule(validator_id, rule_id, id) VALUES (30, 25, 0);
INSERT INTO validator_rule(validator_id, rule_id, id) VALUES (31, 26, 0);
INSERT INTO validator_rule(validator_id, rule_id, id) VALUES (32, 27, 0);
INSERT INTO validator_rule(validator_id, rule_id, id) VALUES (33, 28, 0);
INSERT INTO validator_rule(validator_id, rule_id, id) VALUES (36, 29, 0);
INSERT INTO validator_rule(validator_id, rule_id, id) VALUES (37, 30, 0);
INSERT INTO validator_rule(validator_id, rule_id, id) VALUES (38, 31, 0);
INSERT INTO validator_rule(validator_id, rule_id, id) VALUES (39, 32, 0);
INSERT INTO validator_rule(validator_id, rule_id, id) VALUES (40, 33, 0);
INSERT INTO validator_rule(validator_id, rule_id, id) VALUES (41, 34, 0);
INSERT INTO validator_rule(validator_id, rule_id, id) VALUES (42, 35, 0);
INSERT INTO validator_rule(validator_id, rule_id, id) VALUES (43, 36, 0);
INSERT INTO validator_rule(validator_id, rule_id, id) VALUES (44, 37, 0);
INSERT INTO validator_rule(validator_id, rule_id, id) VALUES (45, 38, 0);
INSERT INTO validator_rule(validator_id, rule_id, id) VALUES (90, 50, 0);
INSERT INTO validator_rule(validator_id, rule_id, id) VALUES (91, 51, 0);
INSERT INTO validator_rule(validator_id, rule_id, id) VALUES (92, 52, 0);
INSERT INTO validator_rule(validator_id, rule_id, id) VALUES (93, 53, 0);
INSERT INTO validator_rule(validator_id, rule_id, id) VALUES (94, 54, 0);
INSERT INTO validator_rule(validator_id, rule_id, id) VALUES (96, 55, 0);
INSERT INTO validator_rule(validator_id, rule_id, id) VALUES (97, 56, 0);
INSERT INTO validator_rule(validator_id, rule_id, id) VALUES (98, 57, 0);
INSERT INTO validator_rule(validator_id, rule_id, id) VALUES (99, 58, 0);
INSERT INTO validator_rule(validator_id, rule_id, id) VALUES (100, 59, 0);
INSERT INTO validator_rule(validator_id, rule_id, id) VALUES (101, 60, 0);
INSERT INTO validator_rule(validator_id, rule_id, id) VALUES (103, 61, 0);
INSERT INTO validator_rule(validator_id, rule_id, id) VALUES (110, 68, 0);
INSERT INTO validator_rule(validator_id, rule_id, id) VALUES (110, 69, 1);
INSERT INTO validator_rule(validator_id, rule_id, id) VALUES (111, 70, 0);
INSERT INTO validator_rule(validator_id, rule_id, id) VALUES (111, 71, 1);
INSERT INTO validator_rule(validator_id, rule_id, id) VALUES (104, 62, 0);
INSERT INTO validator_rule(validator_id, rule_id, id) VALUES (105, 63, 0);
INSERT INTO validator_rule(validator_id, rule_id, id) VALUES (108, 66, 0);
INSERT INTO validator_rule(validator_id, rule_id, id) VALUES (109, 67, 0);
INSERT INTO validator_rule(validator_id, rule_id, id) VALUES (106, 64, 0);
INSERT INTO validator_rule(validator_id, rule_id, id) VALUES (107, 65, 0);










ALTER TABLE contract_property
	ADD FOREIGN KEY (contract_id) 
	REFERENCES contract (hid);

ALTER TABLE contract_property
	ADD FOREIGN KEY (property_id) 
	REFERENCES property (hid);


ALTER TABLE dataobject_mapping
	ADD FOREIGN KEY (mapping_id) 
	REFERENCES input_output_mapping (hid);


ALTER TABLE input_output_mapping
	ADD FOREIGN KEY (target) 
	REFERENCES transformation_step (hid);

ALTER TABLE input_output_mapping
	ADD FOREIGN KEY (source) 
	REFERENCES transformation_step (hid);


ALTER TABLE notification_set_notification
	ADD FOREIGN KEY (notification_set_id) 
	REFERENCES notification_set (hid);

ALTER TABLE notification_set_notification
	ADD FOREIGN KEY (notification_id) 
	REFERENCES notification (hid);


ALTER TABLE notifications_receivers
	ADD FOREIGN KEY (notification_id) 
	REFERENCES notification (hid);

ALTER TABLE parent_template_child_template
	ADD FOREIGN KEY (parent_id) 
	REFERENCES template (hid);

ALTER TABLE parent_template_child_template
	ADD FOREIGN KEY (child_id) 
	REFERENCES template (hid);

ALTER TABLE property
	ADD FOREIGN KEY (property_type) 
	REFERENCES property_type (hid);

ALTER TABLE property
	ADD FOREIGN KEY (validator) 
	REFERENCES validator (hid);

ALTER TABLE property_group_contract
	ADD FOREIGN KEY (property_group_id) 
	REFERENCES property_group (hid);

ALTER TABLE property_group_contract
	ADD FOREIGN KEY (contract_id) 
	REFERENCES contract (hid);

ALTER TABLE property_group_property
	ADD FOREIGN KEY (property_group_id) 
	REFERENCES property_group (hid);

ALTER TABLE property_group_property
	ADD FOREIGN KEY (property_id) 
	REFERENCES property (hid);

ALTER TABLE rule
	ADD FOREIGN KEY (rule_type) 
	REFERENCES rule_type (hid);

ALTER TABLE rule_argument
	ADD FOREIGN KEY (rule_id) 
	REFERENCES rule (hid);

ALTER TABLE step_precedence_constraints
	ADD FOREIGN KEY (precedence_constraint_id) 
	REFERENCES precedence_constraint (hid);

ALTER TABLE step_precedence_constraints
	ADD FOREIGN KEY (step_precedence_id) 
	REFERENCES step_precedence (hid);


ALTER TABLE step_precedence_inbound
	ADD FOREIGN KEY (transformation_step_id) 
	REFERENCES transformation_step (hid);

ALTER TABLE step_precedence_inbound
	ADD FOREIGN KEY (step_precedence_id) 
	REFERENCES step_precedence (hid);

ALTER TABLE step_precedence_outbound
	ADD FOREIGN KEY (transformation_step_id) 
	REFERENCES transformation_step (hid);

ALTER TABLE step_precedence_outbound
	ADD FOREIGN KEY (step_precedence_id) 
	REFERENCES step_precedence (hid);


ALTER TABLE template_group_group
	ADD FOREIGN KEY (subgroup_id) 
	REFERENCES template_group (hid);

ALTER TABLE template_group_group
	ADD FOREIGN KEY (parent_group_id) 
	REFERENCES template_group (hid);


ALTER TABLE template_group_template
	ADD FOREIGN KEY (template_group_id) 
	REFERENCES template_group (hid);

ALTER TABLE template_group_template
	ADD FOREIGN KEY (template_id) 
	REFERENCES transformation_activity (hid);


ALTER TABLE template_input
	ADD FOREIGN KEY (input_id) 
	REFERENCES dataobjects (hid);

ALTER TABLE template_input
	ADD FOREIGN KEY (template_id) 
	REFERENCES template (hid);


ALTER TABLE template_output
	ADD FOREIGN KEY (template_id) 
	REFERENCES template (hid);

ALTER TABLE template_output
	ADD FOREIGN KEY (output_id) 
	REFERENCES dataobjects (hid);


ALTER TABLE template_property_group
	ADD FOREIGN KEY (property_group_id) 
	REFERENCES property_group (hid);

ALTER TABLE template_property_group
	ADD FOREIGN KEY (template_id) 
	REFERENCES template (hid);


ALTER TABLE transformation_activity_mappings
	ADD FOREIGN KEY (transformation_activity_id) 
	REFERENCES transformation_activity (hid);

ALTER TABLE transformation_activity_mappings
	ADD FOREIGN KEY (mapping_id) 
	REFERENCES input_output_mapping (hid);

ALTER TABLE transformation_step
	ADD FOREIGN KEY (transformation_id) 
	REFERENCES transformation (id);

ALTER TABLE transformation_task_step_precedence
	ADD FOREIGN KEY (step_precedence_id) 
	REFERENCES step_precedence (hid);

ALTER TABLE transformation_task_step_precedence
	ADD FOREIGN KEY (transformation_task_id) 
	REFERENCES transformation_activity (hid);

ALTER TABLE transformation_task_steps
	ADD FOREIGN KEY (transformation_step_id) 
	REFERENCES transformation_step (hid);

ALTER TABLE transformation_task_steps
	ADD FOREIGN KEY (transformation_task_id) 
	REFERENCES transformation_activity (hid);

ALTER TABLE transformation_value
	ADD FOREIGN KEY (transformation_id) 
	REFERENCES transformation (id);

ALTER TABLE validator_rule
	ADD FOREIGN KEY (validator_id) 
	REFERENCES validator (hid);

ALTER TABLE validator_rule
	ADD FOREIGN KEY (rule_id) 
	REFERENCES rule (hid);
